,index,Unnamed: 0,timestamp,Throughput,data_rate
0,3,25,47:02.5,51.187112,50Mb
1,11,33,37:58.8,51.211672,50Mb
2,10,32,37:57.7,51.192024,50Mb
3,9,31,37:56.6,51.192024,50Mb
4,8,30,37:55.6,51.216584,50Mb
5,7,29,37:54.5,51.216584,50Mb
6,6,28,37:53.4,51.200148,50Mb
7,5,27,37:52.4,51.221496,50Mb
8,4,26,37:51.3,51.221496,50Mb
9,3,25,37:50.2,51.196936,50Mb
10,2,24,37:49.2,51.196936,50Mb
11,1,23,37:48.1,51.192024,50Mb
12,0,22,37:47.0,51.192024,50Mb
13,12,34,37:59.8,51.211672,50Mb
14,165,187,36:43.7,51.196936,50Mb
15,163,185,36:41.6,51.187112,50Mb
16,162,184,36:40.6,51.187112,50Mb
17,161,183,36:39.5,51.192024,50Mb
18,160,182,36:38.4,51.192024,50Mb
19,159,181,36:37.3,51.196936,50Mb
20,158,180,36:36.3,51.200148,50Mb
21,157,179,36:35.2,51.200148,50Mb
22,156,178,36:34.1,51.216584,50Mb
23,155,177,36:33.1,51.216584,50Mb
24,154,176,36:32.0,51.1822,50Mb
25,153,175,36:31.0,51.1822,50Mb
26,152,174,36:29.9,51.1966,50Mb
27,164,186,36:42.7,51.196936,50Mb
28,13,35,38:00.9,51.15764,50Mb
29,14,36,38:02.0,51.15764,50Mb
30,15,37,38:03.0,51.25588,50Mb
31,42,64,38:31.9,51.201848,50Mb
32,41,63,38:30.8,51.201848,50Mb
33,40,62,38:29.7,51.186776,50Mb
34,39,61,38:28.7,51.186776,50Mb
35,38,60,38:27.6,51.23132,50Mb
36,37,59,38:26.5,51.23132,50Mb
37,36,58,38:25.5,51.141204,50Mb
38,35,57,38:24.4,51.141204,50Mb
39,34,56,38:23.3,51.187112,50Mb
40,33,55,38:22.3,51.187112,50Mb
41,32,54,38:21.2,51.187112,50Mb
42,31,53,38:20.1,51.192024,50Mb
43,30,52,38:19.1,51.192024,50Mb
44,29,51,38:18.0,51.192024,50Mb
45,28,50,38:16.9,51.192024,50Mb
46,27,49,38:15.9,51.241144,50Mb
47,26,48,38:14.8,51.241144,50Mb
48,25,47,38:13.7,51.246056,50Mb
49,24,46,38:12.6,51.246056,50Mb
50,23,45,38:11.6,51.1822,50Mb
51,22,44,38:10.5,51.1822,50Mb
52,21,43,38:09.4,51.165764,50Mb
53,20,42,38:08.4,51.196936,50Mb
54,19,41,38:07.3,51.196936,50Mb
55,18,40,38:06.2,51.211672,50Mb
56,17,39,38:05.2,51.211672,50Mb
57,16,38,38:04.1,51.25588,50Mb
58,151,173,36:28.8,51.1966,50Mb
59,150,172,36:27.8,51.221496,50Mb
60,149,171,36:26.7,51.221496,50Mb
61,148,170,36:25.6,51.192024,50Mb
62,116,138,35:51.5,51.17676,50Mb
63,115,137,35:50.4,51.17676,50Mb
64,114,136,35:49.3,51.171204,50Mb
65,113,135,35:48.0,51.162552,50Mb
66,112,134,35:47.0,51.162552,50Mb
67,111,133,35:45.9,51.201848,50Mb
68,110,132,35:44.8,51.201848,50Mb
69,109,131,35:43.8,51.23132,50Mb
70,108,130,35:42.7,51.23132,50Mb
71,107,129,35:41.6,51.216584,50Mb
72,106,128,35:40.6,51.216584,50Mb
73,105,127,35:39.5,51.201848,50Mb
74,104,126,35:38.4,51.201848,50Mb
75,103,125,35:37.4,51.167464,50Mb
76,102,124,35:36.3,51.195396,50Mb
77,101,123,35:35.3,51.195396,50Mb
78,100,122,35:34.2,51.177128,50Mb
79,99,121,35:33.1,51.177128,50Mb
80,98,120,35:32.0,51.216584,50Mb
81,97,119,35:31.0,51.216584,50Mb
82,96,118,35:29.9,51.22116,50Mb
83,95,117,35:28.8,51.22116,50Mb
84,94,116,35:27.8,51.221496,50Mb
85,93,115,35:26.7,51.221496,50Mb
86,92,114,35:25.6,51.226408,50Mb
87,91,113,35:24.5,51.226408,50Mb
88,90,112,35:23.5,51.246056,50Mb
89,117,139,35:52.5,51.201848,50Mb
90,43,65,38:33.0,51.137992,50Mb
91,118,140,35:53.6,51.201848,50Mb
92,120,142,35:55.7,51.201848,50Mb
93,147,169,36:24.6,51.192024,50Mb
94,146,168,36:23.5,51.196936,50Mb
95,145,167,36:22.4,51.196936,50Mb
96,144,166,36:21.3,51.211672,50Mb
97,143,165,36:20.3,51.15594,50Mb
98,142,164,36:19.2,51.15594,50Mb
99,141,163,36:18.1,51.196936,50Mb
100,140,162,36:17.1,51.196936,50Mb
101,139,161,36:16.0,51.221496,50Mb
102,138,160,36:15.0,51.221496,50Mb
103,137,159,36:13.9,51.167464,50Mb
104,136,158,36:12.8,51.167464,50Mb
105,135,157,36:11.7,51.192024,50Mb
106,134,156,36:10.7,51.192024,50Mb
107,133,155,36:09.6,51.20676,50Mb
108,132,154,36:08.5,51.20676,50Mb
109,131,153,36:07.4,51.236232,50Mb
110,130,152,36:06.4,51.201848,50Mb
111,129,151,36:05.3,51.201848,50Mb
112,128,150,36:04.2,51.200148,50Mb
113,127,149,36:03.2,51.200148,50Mb
114,126,148,36:02.1,51.192024,50Mb
115,125,147,36:01.1,51.192024,50Mb
116,124,146,36:00.0,51.246056,50Mb
117,123,145,35:58.9,51.246056,50Mb
118,122,144,35:57.9,51.221496,50Mb
119,121,143,35:56.8,51.221496,50Mb
120,119,141,35:54.7,51.201848,50Mb
121,44,66,38:34.1,51.137992,50Mb
122,45,67,38:35.3,50.450312,50Mb
123,46,68,38:36.3,50.450312,50Mb
124,135,157,40:11.7,51.221496,50Mb
125,134,156,40:10.6,51.221496,50Mb
126,133,155,40:09.5,51.201848,50Mb
127,132,154,40:08.5,51.201848,50Mb
128,131,153,40:07.4,51.192024,50Mb
129,130,152,40:06.3,51.172376,50Mb
130,129,151,40:05.3,51.172376,50Mb
131,128,150,40:04.2,51.175588,50Mb
132,127,149,40:03.1,51.175588,50Mb
133,126,148,40:02.0,51.1822,50Mb
134,125,147,40:01.0,51.1822,50Mb
135,124,146,39:59.9,51.192024,50Mb
136,123,145,39:58.9,51.192024,50Mb
137,122,144,39:57.8,51.1822,50Mb
138,121,143,39:56.7,51.1822,50Mb
139,120,142,39:55.7,51.216584,50Mb
140,119,141,39:54.6,51.216584,50Mb
141,118,140,39:53.5,51.201848,50Mb
142,117,139,39:52.5,51.201848,50Mb
143,116,138,39:51.4,51.162552,50Mb
144,115,137,39:50.3,51.192024,50Mb
145,114,136,39:49.2,51.192024,50Mb
146,113,135,39:48.2,51.25418,50Mb
147,112,134,39:47.1,51.25418,50Mb
148,111,133,39:46.0,51.13308,50Mb
149,110,132,39:45.0,51.13308,50Mb
150,109,131,39:43.9,51.187112,50Mb
151,136,158,40:12.7,51.216584,50Mb
152,108,130,39:42.8,51.187112,50Mb
153,137,159,40:13.8,51.216584,50Mb
154,139,161,40:16.0,51.192024,50Mb
155,2,24,47:01.4,51.196936,50Mb
156,165,187,40:43.6,51.20676,50Mb
157,164,186,40:42.6,51.20676,50Mb
158,163,185,40:41.5,51.187112,50Mb
159,162,184,40:40.4,51.187112,50Mb
160,161,183,40:39.4,51.201848,50Mb
161,160,182,40:38.3,51.221496,50Mb
162,159,181,40:37.3,51.221496,50Mb
163,158,180,40:36.2,51.190324,50Mb
164,157,179,40:35.1,51.190324,50Mb
165,156,178,40:34.1,51.221496,50Mb
166,155,177,40:33.0,51.221496,50Mb
167,154,176,40:31.9,51.221496,50Mb
168,153,175,40:30.9,51.221496,50Mb
169,152,174,40:29.8,51.221496,50Mb
170,151,173,40:28.8,51.221496,50Mb
171,150,172,40:27.7,51.172376,50Mb
172,149,171,40:26.6,51.172376,50Mb
173,148,170,40:25.6,51.226408,50Mb
174,147,169,40:24.5,51.226408,50Mb
175,146,168,40:23.4,51.186776,50Mb
176,145,167,40:22.4,51.226408,50Mb
177,144,166,40:21.3,51.226408,50Mb
178,143,165,40:20.2,51.175588,50Mb
179,142,164,40:19.2,51.175588,50Mb
180,141,163,40:18.1,51.172376,50Mb
181,140,162,40:17.0,51.172376,50Mb
182,138,160,40:14.9,51.192024,50Mb
183,89,111,35:22.4,51.246056,50Mb
184,107,129,39:41.8,51.226408,50Mb
185,105,127,39:39.6,51.196936,50Mb
186,73,95,39:05.5,51.216584,50Mb
187,72,94,39:04.4,51.216584,50Mb
188,71,93,39:03.4,51.23132,50Mb
189,70,92,39:02.3,51.196936,50Mb
190,69,91,39:01.2,51.196936,50Mb
191,68,90,39:00.2,51.219796,50Mb
192,67,89,38:59.1,51.219796,50Mb
193,66,88,38:58.0,51.196936,50Mb
194,65,87,38:56.9,51.196936,50Mb
195,64,86,38:55.9,51.192024,50Mb
196,63,85,38:54.8,51.192024,50Mb
197,62,84,38:53.7,51.216584,50Mb
198,61,83,38:52.7,51.216584,50Mb
199,60,82,38:51.6,51.196936,50Mb
200,59,81,38:50.5,51.196936,50Mb
201,58,80,38:49.5,51.172376,50Mb
202,57,79,38:48.4,51.172376,50Mb
203,56,78,38:47.3,51.221496,50Mb
204,55,77,38:46.3,65.068423,50Mb
205,54,76,38:45.2,65.068423,50Mb
206,53,75,38:44.1,24.557124,50Mb
207,52,74,38:43.1,24.557124,50Mb
208,51,73,38:42.0,51.0594,50Mb
209,50,72,38:40.7,51.0594,50Mb
210,49,71,38:39.6,50.83836,50Mb
211,48,70,38:38.6,50.83836,50Mb
212,47,69,38:37.5,52.108868,50Mb
213,74,96,39:06.6,51.196936,50Mb
214,106,128,39:40.7,51.226408,50Mb
215,75,97,39:07.6,51.196936,50Mb
216,77,99,39:09.8,51.211672,50Mb
217,104,126,39:38.6,51.196936,50Mb
218,103,125,39:37.5,51.216584,50Mb
219,102,124,39:36.4,51.216584,50Mb
220,101,123,39:35.4,51.192024,50Mb
221,100,122,39:34.3,51.226408,50Mb
222,99,121,39:33.2,51.226408,50Mb
223,98,120,39:32.2,51.200148,50Mb
224,97,119,39:31.1,51.200148,50Mb
225,96,118,39:30.0,51.211672,50Mb
226,95,117,39:29.0,51.211672,50Mb
227,94,116,39:27.9,51.206424,50Mb
228,93,115,39:26.8,51.206424,50Mb
229,92,114,39:25.8,51.192024,50Mb
230,91,113,39:24.7,51.192024,50Mb
231,90,112,39:23.6,51.226408,50Mb
232,89,111,39:22.6,51.226408,50Mb
233,88,110,39:21.5,51.192024,50Mb
234,87,109,39:20.4,51.192024,50Mb
235,86,108,39:19.4,51.201848,50Mb
236,85,107,39:18.3,51.20676,50Mb
237,84,106,39:17.2,51.20676,50Mb
238,83,105,39:16.2,51.20506,50Mb
239,82,104,39:15.1,51.20506,50Mb
240,81,103,39:14.0,51.196936,50Mb
241,80,102,39:12.9,51.196936,50Mb
242,79,101,39:11.9,51.152728,50Mb
243,78,100,39:10.8,51.152728,50Mb
244,76,98,39:08.7,51.211672,50Mb
245,88,110,35:21.3,51.142904,50Mb
246,87,109,35:20.2,51.190324,50Mb
247,124,147,49:15.4,51.162552,50Mb
248,91,113,48:39.0,42.266584,50Mb
249,90,112,48:35.7,51.196936,50Mb
250,89,111,48:34.6,51.196936,50Mb
251,88,110,48:33.5,51.221496,50Mb
252,87,109,48:32.4,51.221496,50Mb
253,86,108,48:31.4,51.167464,50Mb
254,85,107,48:30.3,51.146116,50Mb
255,84,106,48:29.2,51.146116,50Mb
256,83,105,48:28.2,51.196936,50Mb
257,82,104,48:27.1,51.196936,50Mb
258,81,103,48:26.0,51.216584,50Mb
259,80,102,48:25.0,51.216584,50Mb
260,92,115,48:41.1,51.238772,50Mb
261,79,101,48:23.9,51.226408,50Mb
262,77,99,48:21.7,51.201848,50Mb
263,76,98,48:20.6,51.201848,50Mb
264,75,97,48:19.5,51.15764,50Mb
265,74,96,48:18.5,51.15764,50Mb
266,73,95,48:17.4,51.187112,50Mb
267,72,94,48:16.3,51.187112,50Mb
268,71,93,48:15.3,51.210296,50Mb
269,70,92,48:14.2,51.245732,50Mb
270,69,91,48:13.1,51.245732,50Mb
271,68,90,48:12.1,51.177288,50Mb
272,67,89,48:11.0,51.177288,50Mb
273,66,88,48:09.9,51.167464,50Mb
274,78,100,48:22.7,51.226408,50Mb
275,93,116,48:42.2,51.238772,50Mb
276,94,117,48:43.3,51.162552,50Mb
277,95,118,48:44.3,51.162552,50Mb
278,122,145,49:13.2,51.201848,50Mb
279,121,144,49:12.2,51.195236,50Mb
280,120,143,49:11.1,51.195236,50Mb
281,119,142,49:10.0,51.211672,50Mb
282,118,141,49:09.0,51.211672,50Mb
283,117,140,49:07.9,51.211672,50Mb
284,116,139,49:06.8,51.211672,50Mb
285,115,138,49:05.7,51.196936,50Mb
286,114,137,49:04.7,51.196936,50Mb
287,113,136,49:03.6,51.162552,50Mb
288,112,135,49:02.5,51.162552,50Mb
289,111,134,49:01.4,51.177288,50Mb
290,110,133,49:00.4,51.177288,50Mb
291,109,132,48:59.3,51.167464,50Mb
292,108,131,48:58.2,51.166936,50Mb
293,107,130,48:57.2,51.166936,50Mb
294,106,129,48:56.1,51.200676,50Mb
295,105,128,48:55.0,51.200676,50Mb
296,104,127,48:54.0,51.167464,50Mb
297,103,126,48:52.9,51.167464,50Mb
298,102,125,48:51.8,51.196936,50Mb
299,101,124,48:50.8,51.196936,50Mb
300,100,123,48:49.7,51.1966,50Mb
301,99,122,48:48.6,51.1966,50Mb
302,98,121,48:47.5,51.192024,50Mb
303,97,120,48:46.5,51.192024,50Mb
304,96,119,48:45.4,51.196936,50Mb
305,65,87,48:08.9,51.167464,50Mb
306,64,86,48:07.8,51.172376,50Mb
307,63,85,48:06.7,51.172376,50Mb
308,62,84,48:05.7,51.201848,50Mb
309,30,52,47:31.3,51.226408,50Mb
310,29,51,47:30.3,51.226408,50Mb
311,28,50,47:29.2,51.226408,50Mb
312,27,49,47:28.1,51.187112,50Mb
313,26,48,47:27.0,51.187112,50Mb
314,25,47,47:26.0,51.219796,50Mb
315,24,46,47:24.9,51.219796,50Mb
316,23,45,47:23.8,51.246056,50Mb
317,22,44,47:22.8,51.246056,50Mb
318,21,43,47:21.7,51.172376,50Mb
319,20,42,47:20.7,51.172376,50Mb
320,19,41,47:19.6,51.221496,50Mb
321,18,40,47:18.5,51.221496,50Mb
322,17,39,47:17.4,51.20676,50Mb
323,16,38,47:16.3,51.20676,50Mb
324,15,37,47:15.3,51.192024,50Mb
325,14,36,47:14.2,51.226408,50Mb
326,13,35,47:13.1,51.226408,50Mb
327,12,34,47:12.1,51.216584,50Mb
328,11,33,47:11.0,51.216584,50Mb
329,10,32,47:09.9,51.239444,50Mb
330,9,31,47:08.9,51.239444,50Mb
331,8,30,47:07.8,51.196936,50Mb
332,7,29,47:06.7,51.196936,50Mb
333,6,28,47:05.7,51.192024,50Mb
334,5,27,47:04.6,51.192024,50Mb
335,4,26,47:03.5,51.187112,50Mb
336,31,53,47:32.4,51.201848,50Mb
337,123,146,49:14.3,51.201848,50Mb
338,32,54,47:33.5,51.201848,50Mb
339,34,56,47:35.6,51.20676,50Mb
340,61,83,48:04.6,51.201848,50Mb
341,60,82,48:03.5,55.347576,50Mb
342,59,81,48:02.5,55.347576,50Mb
343,58,80,48:01.4,48.102376,50Mb
344,57,79,48:00.3,51.191688,50Mb
345,56,78,47:59.0,51.191688,50Mb
346,55,77,47:57.9,51.20506,50Mb
347,54,76,47:56.9,51.20506,50Mb
348,53,75,47:55.8,51.216584,50Mb
349,52,74,47:54.7,51.216584,50Mb
350,51,73,47:53.7,51.201848,50Mb
351,50,72,47:52.6,51.201848,50Mb
352,49,71,47:51.6,51.221496,50Mb
353,48,70,47:50.5,51.221496,50Mb
354,47,69,47:49.4,51.187112,50Mb
355,46,68,47:48.4,51.187112,50Mb
356,45,67,47:47.3,51.20676,50Mb
357,44,66,47:46.2,51.187112,50Mb
358,43,65,47:45.2,51.187112,50Mb
359,42,64,47:44.1,51.162552,50Mb
360,41,63,47:43.0,51.162552,50Mb
361,40,62,47:42.0,51.200148,50Mb
362,39,61,47:40.9,51.200148,50Mb
363,38,60,47:39.8,51.23132,50Mb
364,37,59,47:38.8,51.23132,50Mb
365,36,58,47:37.7,51.196936,50Mb
366,35,57,47:36.6,51.196936,50Mb
367,33,55,47:34.5,51.20676,50Mb
368,86,108,35:19.2,51.190324,50Mb
369,125,148,49:16.4,51.196936,50Mb
370,126,149,49:17.5,51.196936,50Mb
371,54,76,34:45.0,51.226408,50Mb
372,53,75,34:43.9,51.201848,50Mb
373,52,74,34:42.8,51.201848,50Mb
374,51,73,34:41.8,51.1822,50Mb
375,50,72,34:40.7,51.1822,50Mb
376,49,71,34:39.6,51.167464,50Mb
377,48,70,34:38.6,51.167464,50Mb
378,47,69,34:37.5,51.172376,50Mb
379,46,68,34:36.4,51.172376,50Mb
380,45,67,34:35.4,51.172376,50Mb
381,44,66,34:34.3,51.191816,50Mb
382,43,65,34:33.2,51.191816,50Mb
383,42,64,34:32.2,51.180708,50Mb
384,41,63,34:31.1,51.180708,50Mb
385,40,62,34:30.0,51.260792,50Mb
386,39,61,34:29.0,51.260792,50Mb
387,38,60,34:27.9,51.1822,50Mb
388,37,59,34:26.8,51.1822,50Mb
389,36,58,34:25.8,51.211336,50Mb
390,35,57,34:24.7,51.211336,50Mb
391,34,56,34:23.6,51.187112,50Mb
392,33,55,34:22.6,51.187112,50Mb
393,32,54,34:21.5,51.211672,50Mb
394,31,53,34:20.4,51.211672,50Mb
395,30,52,34:19.4,51.20676,50Mb
396,29,51,34:18.3,51.191496,50Mb
397,28,50,34:17.2,51.191496,50Mb
398,55,77,34:46.0,51.226408,50Mb
399,27,49,34:16.2,51.200676,50Mb
400,56,78,34:47.1,51.2105,50Mb
401,58,80,34:49.3,51.20132,50Mb
402,85,107,35:18.1,51.187112,50Mb
403,84,106,35:17.1,51.187112,50Mb
404,83,105,35:16.0,51.187112,50Mb
405,82,104,35:14.9,51.187112,50Mb
406,81,103,35:13.9,51.196936,50Mb
407,80,102,35:12.8,51.196936,50Mb
408,79,101,35:11.7,51.216584,50Mb
409,78,100,35:10.7,51.216584,50Mb
410,77,99,35:09.6,51.196936,50Mb
411,76,98,35:08.5,51.196936,50Mb
412,75,97,35:07.4,51.177288,50Mb
413,74,96,35:06.4,51.177288,50Mb
414,73,95,35:05.3,51.187112,50Mb
415,72,94,35:04.2,51.195236,50Mb
416,71,93,35:03.2,51.195236,50Mb
417,70,92,35:02.1,51.201848,50Mb
418,69,91,35:01.0,51.201848,50Mb
419,68,90,34:59.9,51.196936,50Mb
420,67,89,34:58.9,51.196936,50Mb
421,66,88,34:57.8,51.211672,50Mb
422,65,87,34:56.7,51.211672,50Mb
423,64,86,34:55.7,51.20676,50Mb
424,63,85,34:54.6,51.20676,50Mb
425,62,84,34:53.6,51.196936,50Mb
426,61,83,34:52.5,51.196936,50Mb
427,60,82,34:51.4,51.216584,50Mb
428,59,81,34:50.3,51.20132,50Mb
429,57,79,34:48.2,51.2105,50Mb
430,0,22,46:59.3,51.1822,50Mb
431,26,48,34:15.1,51.200676,50Mb
432,24,46,34:12.9,51.196936,50Mb
433,153,176,49:48.6,51.172376,50Mb
434,152,175,49:47.6,51.196936,50Mb
435,151,174,49:46.5,51.196936,50Mb
436,150,173,49:45.5,51.201176,50Mb
437,149,172,49:44.4,51.201176,50Mb
438,148,171,49:43.3,25.64064,50Mb
439,147,170,49:42.2,51.172376,50Mb
440,146,169,49:38.9,51.172376,50Mb
441,145,168,49:37.8,51.172376,50Mb
442,144,167,49:36.8,51.172376,50Mb
443,143,166,49:35.7,51.201848,50Mb
444,142,165,49:34.6,51.201848,50Mb
445,141,164,49:33.6,51.221496,50Mb
446,140,163,49:32.5,51.221496,50Mb
447,139,162,49:31.4,51.196936,50Mb
448,138,161,49:30.3,51.196936,50Mb
449,137,160,49:29.3,51.196936,50Mb
450,136,159,49:28.2,51.20506,50Mb
451,135,158,49:27.1,51.20506,50Mb
452,134,157,49:26.1,51.236232,50Mb
453,133,156,49:25.0,51.236232,50Mb
454,132,155,49:23.9,51.187112,50Mb
455,131,154,49:22.9,51.187112,50Mb
456,130,153,49:21.8,51.23132,50Mb
457,129,152,49:20.7,51.23132,50Mb
458,128,151,49:19.6,51.192024,50Mb
459,127,150,49:18.6,51.192024,50Mb
460,154,177,49:49.7,51.172376,50Mb
461,25,47,34:14.0,51.196936,50Mb
462,155,178,49:50.8,51.162552,50Mb
463,157,180,49:52.9,51.177288,50Mb
464,23,45,34:11.9,51.196936,50Mb
465,22,44,34:10.8,51.196936,50Mb
466,21,43,34:09.7,51.211672,50Mb
467,20,42,34:08.7,51.211672,50Mb
468,19,41,34:07.6,51.20676,50Mb
469,18,40,34:06.5,51.20676,50Mb
470,17,39,34:05.5,51.216584,50Mb
471,16,38,34:04.4,51.216584,50Mb
472,15,37,34:03.3,51.196936,50Mb
473,14,36,34:02.2,51.175748,50Mb
474,13,35,34:01.2,51.175748,50Mb
475,12,34,34:00.1,51.221336,50Mb
476,11,33,33:59.1,51.221336,50Mb
477,10,32,33:58.0,51.211672,50Mb
478,9,31,33:56.9,51.211672,50Mb
479,8,30,33:55.8,51.172376,50Mb
480,7,29,33:54.7,51.172376,50Mb
481,6,28,33:53.7,51.201848,50Mb
482,5,27,33:52.6,51.201848,50Mb
483,4,26,33:51.6,51.275528,50Mb
484,3,25,33:50.5,51.275528,50Mb
485,2,24,33:49.4,51.118344,50Mb
486,1,23,33:48.4,51.172376,50Mb
487,0,22,33:47.3,51.172376,50Mb
488,160,183,49:56.2,51.162552,50Mb
489,159,182,49:55.1,51.162552,50Mb
490,158,181,49:54.0,51.177288,50Mb
491,156,179,49:51.9,51.162552,50Mb
492,1,23,47:00.3,51.1822,50Mb
493,165,187,31:56.2,102.473304,100Mb
494,164,186,31:55.2,102.473304,100Mb
495,0,22,41:55.0,102.36033,100Mb
496,162,184,31:53.0,102.38489,100Mb
497,5,27,29:04.2,102.505984,100Mb
498,4,26,29:03.2,102.505984,100Mb
499,3,25,29:02.1,102.379976,100Mb
500,2,24,29:00.9,102.379976,100Mb
501,1,23,28:59.8,102.46348,100Mb
502,0,22,28:58.8,102.46348,100Mb
503,166,188,27:50.3,102.29156,100Mb
504,165,187,27:49.2,102.29156,100Mb
505,164,186,27:48.2,102.325944,100Mb
506,163,185,27:47.1,102.325944,100Mb
507,162,184,27:46.0,102.34068,100Mb
508,161,183,27:45.0,102.34068,100Mb
509,6,28,29:05.3,102.36524,100Mb
510,160,182,27:43.9,102.34559,100Mb
511,158,180,27:41.8,102.33577,100Mb
512,157,179,27:40.7,102.33577,100Mb
513,156,178,27:39.6,102.323904,100Mb
514,155,177,27:38.6,102.323904,100Mb
515,154,176,27:37.5,102.34068,100Mb
516,153,175,27:36.4,102.34068,100Mb
517,152,174,27:35.3,102.34068,100Mb
518,151,173,27:34.2,102.36524,100Mb
519,150,172,27:33.2,102.36524,100Mb
520,149,171,27:32.1,102.46839,100Mb
521,148,170,27:31.0,102.46839,100Mb
522,147,169,27:30.0,102.478216,100Mb
523,159,181,27:42.8,102.34559,100Mb
524,7,29,29:06.4,102.32103,100Mb
525,8,30,29:07.4,102.32103,100Mb
526,9,31,29:08.5,102.355416,100Mb
527,36,58,29:37.3,102.424184,100Mb
528,35,57,29:36.3,102.350504,100Mb
529,34,56,29:35.2,102.350504,100Mb
530,33,55,29:34.1,102.334064,100Mb
531,32,54,29:33.0,102.334064,100Mb
532,31,53,29:32.0,102.36524,100Mb
533,30,52,29:30.9,102.36524,100Mb
534,29,51,29:29.8,102.34559,100Mb
535,28,50,29:28.8,102.34559,100Mb
536,27,49,29:27.7,102.399624,100Mb
537,26,48,29:26.6,102.399624,100Mb
538,25,47,29:25.6,102.39471,100Mb
539,24,46,29:24.5,102.39471,100Mb
540,23,45,29:23.5,102.38489,100Mb
541,22,44,29:22.4,102.38489,100Mb
542,21,43,29:21.3,102.453656,100Mb
543,20,42,29:20.3,102.27191,100Mb
544,19,41,29:19.2,102.27191,100Mb
545,18,40,29:18.1,102.555104,100Mb
546,17,39,29:17.0,102.555104,100Mb
547,16,38,29:16.0,102.26209,100Mb
548,15,37,29:14.9,102.26209,100Mb
549,14,36,29:13.8,102.29156,100Mb
550,13,35,29:12.8,102.29156,100Mb
551,12,34,29:11.7,102.36524,100Mb
552,11,33,29:10.6,102.36524,100Mb
553,10,32,29:09.6,102.355416,100Mb
554,146,168,27:28.9,102.478216,100Mb
555,145,167,27:27.8,102.34068,100Mb
556,144,166,27:26.7,102.34068,100Mb
557,143,165,27:25.7,102.30459,100Mb
558,111,133,26:51.5,102.44383,100Mb
559,110,132,26:50.4,102.44383,100Mb
560,109,131,26:49.4,102.36524,100Mb
561,108,130,26:48.3,102.375064,100Mb
562,107,129,26:47.2,102.375064,100Mb
563,106,128,26:46.2,102.375064,100Mb
564,105,127,26:45.1,102.375064,100Mb
565,104,126,26:44.0,102.37015,100Mb
566,103,125,26:42.9,102.37015,100Mb
567,102,124,26:41.9,102.468056,100Mb
568,101,123,26:40.8,102.468056,100Mb
569,100,122,26:39.7,102.330856,100Mb
570,99,121,26:38.7,102.330856,100Mb
571,98,120,26:37.6,102.36845,100Mb
572,97,119,26:36.5,102.36845,100Mb
573,96,118,26:35.5,102.36033,100Mb
574,95,117,26:34.4,102.36033,100Mb
575,94,116,26:33.3,102.453656,100Mb
576,93,115,26:32.3,102.41927,100Mb
577,92,114,26:31.2,102.41927,100Mb
578,91,113,26:30.2,102.24735,100Mb
579,90,112,26:29.1,102.24735,100Mb
580,89,111,26:28.0,102.38489,100Mb
581,88,110,26:27.0,102.38489,100Mb
582,87,109,26:25.9,102.45857,100Mb
583,86,108,26:24.8,102.45857,100Mb
584,85,107,26:23.8,102.29647,100Mb
585,112,134,26:52.6,101.793744,100Mb
586,37,59,29:38.4,102.325944,100Mb
587,113,135,26:53.6,101.793744,100Mb
588,115,137,26:55.8,103.02345,100Mb
589,142,164,27:24.6,102.30459,100Mb
590,141,163,27:23.5,102.37015,100Mb
591,140,162,27:22.5,102.37015,100Mb
592,139,161,27:21.4,102.404536,100Mb
593,138,160,27:20.3,102.48313,100Mb
594,137,159,27:19.2,102.48313,100Mb
595,136,158,27:18.2,102.379976,100Mb
596,135,157,27:17.1,102.379976,100Mb
597,134,156,27:16.1,102.36033,100Mb
598,133,155,27:15.0,102.36033,100Mb
599,132,154,27:13.9,102.3898,100Mb
600,131,153,27:12.9,102.3898,100Mb
601,130,152,27:11.8,102.36033,100Mb
602,129,151,27:10.7,102.36033,100Mb
603,128,150,27:09.7,102.35371,100Mb
604,127,149,27:08.6,102.35371,100Mb
605,126,148,27:07.5,102.375064,100Mb
606,125,147,27:06.4,102.375064,100Mb
607,124,146,27:05.4,102.497864,100Mb
608,123,145,27:04.3,102.3898,100Mb
609,122,144,27:03.3,102.3898,100Mb
610,121,143,27:02.2,102.355416,100Mb
611,120,142,27:01.1,102.355416,100Mb
612,119,141,27:00.1,102.36033,100Mb
613,118,140,26:59.0,102.36033,100Mb
614,117,139,26:57.9,102.3898,100Mb
615,116,138,26:56.9,102.3898,100Mb
616,114,136,26:54.7,103.02345,100Mb
617,38,60,29:39.5,102.325944,100Mb
618,39,61,29:40.6,102.46348,100Mb
619,40,62,29:41.7,102.46348,100Mb
620,129,151,31:17.8,102.379976,100Mb
621,128,150,31:16.7,102.379976,100Mb
622,127,149,31:15.7,102.34389,100Mb
623,126,148,31:14.6,102.34389,100Mb
624,125,147,31:13.5,102.38489,100Mb
625,124,146,31:12.4,102.38489,100Mb
626,123,145,31:11.4,102.31612,100Mb
627,122,144,31:10.3,102.502776,100Mb
628,121,143,31:09.2,102.502776,100Mb
629,120,142,31:08.2,102.31121,100Mb
630,119,141,31:07.1,102.31121,100Mb
631,118,140,31:06.0,102.350504,100Mb
632,117,139,31:05.0,102.350504,100Mb
633,116,138,31:03.9,102.355416,100Mb
634,115,137,31:02.8,102.355416,100Mb
635,114,136,31:01.7,102.38489,100Mb
636,113,135,31:00.7,102.38489,100Mb
637,112,134,30:59.6,102.32424,100Mb
638,111,133,30:58.6,102.32424,100Mb
639,110,132,30:57.5,102.50769,100Mb
640,109,131,30:56.4,102.50769,100Mb
641,108,130,30:55.4,102.24244,100Mb
642,107,129,30:54.3,102.38489,100Mb
643,106,128,30:53.2,102.38489,100Mb
644,105,127,30:52.2,102.355416,100Mb
645,104,126,30:51.1,102.355416,100Mb
646,103,125,30:50.0,102.37015,100Mb
647,130,152,31:18.9,102.394376,100Mb
648,102,124,30:49.0,102.37015,100Mb
649,131,153,31:19.9,102.394376,100Mb
650,133,155,31:22.1,102.22279,100Mb
651,160,182,31:50.9,102.3898,100Mb
652,159,181,31:49.8,102.350504,100Mb
653,158,180,31:48.8,102.350504,100Mb
654,157,179,31:47.7,102.36845,100Mb
655,156,178,31:46.6,102.36845,100Mb
656,155,177,31:45.6,102.379976,100Mb
657,154,176,31:44.5,102.379976,100Mb
658,153,175,31:43.4,102.399624,100Mb
659,152,174,31:42.4,102.3898,100Mb
660,151,173,31:41.3,102.3898,100Mb
661,150,172,31:40.2,102.355416,100Mb
662,149,171,31:39.2,102.355416,100Mb
663,148,170,31:38.1,102.41436,100Mb
664,147,169,31:37.0,102.41436,100Mb
665,146,168,31:35.9,102.34559,100Mb
666,145,167,31:34.9,102.34559,100Mb
667,144,166,31:33.8,102.429096,100Mb
668,143,165,31:32.8,102.429096,100Mb
669,142,164,31:31.7,102.39317,100Mb
670,141,163,31:30.6,102.39317,100Mb
671,140,162,31:29.6,102.38473,100Mb
672,139,161,31:28.5,102.38473,100Mb
673,138,160,31:27.4,102.38489,100Mb
674,137,159,31:26.4,102.38489,100Mb
675,136,158,31:25.3,102.399624,100Mb
676,135,157,31:24.2,102.497864,100Mb
677,134,156,31:23.1,102.497864,100Mb
678,132,154,31:21.0,102.22279,100Mb
679,161,183,31:52.0,102.3898,100Mb
680,101,123,30:47.9,102.301384,100Mb
681,99,121,30:45.8,102.34068,100Mb
682,67,89,30:11.6,102.34389,100Mb
683,66,88,30:10.5,102.34389,100Mb
684,65,87,30:09.4,102.37015,100Mb
685,64,86,30:08.4,102.37015,100Mb
686,63,85,30:07.3,102.39471,100Mb
687,62,84,30:06.3,102.34559,100Mb
688,61,83,30:05.2,102.34559,100Mb
689,60,82,30:04.1,102.325944,100Mb
690,59,81,30:03.1,102.325944,100Mb
691,58,80,30:02.0,102.34068,100Mb
692,57,79,30:00.9,102.34068,100Mb
693,56,78,29:59.9,102.379976,100Mb
694,55,77,29:58.8,102.379976,100Mb
695,54,76,29:57.7,102.36503,100Mb
696,53,75,29:56.7,102.36503,100Mb
697,52,74,29:55.6,102.393216,100Mb
698,51,73,29:54.5,102.393216,100Mb
699,50,72,29:53.4,102.35999,100Mb
700,49,71,29:52.4,102.359656,100Mb
701,48,70,29:51.3,102.359656,100Mb
702,47,69,29:50.2,72.768064,100Mb
703,46,68,29:49.2,72.768064,100Mb
704,45,67,29:48.1,96.346,100Mb
705,44,66,29:46.7,102.841704,100Mb
706,43,65,29:44.9,102.841704,100Mb
707,42,64,29:43.8,102.00175,100Mb
708,41,63,29:42.7,102.00175,100Mb
709,68,90,30:12.6,102.448744,100Mb
710,100,122,30:46.8,102.301384,100Mb
711,69,91,30:13.7,102.448744,100Mb
712,71,93,30:15.8,102.33577,100Mb
713,98,120,30:44.7,102.34068,100Mb
714,97,119,30:43.6,102.36845,100Mb
715,96,118,30:42.6,102.36845,100Mb
716,95,117,30:41.5,102.379976,100Mb
717,94,116,30:40.4,102.379976,100Mb
718,93,115,30:39.4,102.31121,100Mb
719,92,114,30:38.3,102.33577,100Mb
720,91,113,30:37.2,102.33577,100Mb
721,90,112,30:36.2,102.379976,100Mb
722,89,111,30:35.1,102.379976,100Mb
723,88,110,30:34.0,102.38489,100Mb
724,87,109,30:33.0,102.38489,100Mb
725,86,108,30:31.9,102.3898,100Mb
726,85,107,30:30.8,102.3898,100Mb
727,84,106,30:29.7,102.36033,100Mb
728,83,105,30:28.7,102.36033,100Mb
729,82,104,30:27.6,102.37827,100Mb
730,81,103,30:26.5,102.37827,100Mb
731,80,102,30:25.5,102.473304,100Mb
732,79,101,30:24.4,102.473304,100Mb
733,78,100,30:23.3,102.379976,100Mb
734,77,99,30:22.3,102.389464,100Mb
735,76,98,30:21.2,102.389464,100Mb
736,75,97,30:20.1,102.39471,100Mb
737,74,96,30:19.0,102.39471,100Mb
738,73,95,30:18.0,102.43892,100Mb
739,72,94,30:16.9,102.43892,100Mb
740,70,92,30:14.8,102.33577,100Mb
741,83,105,26:21.6,102.388096,100Mb
742,84,106,26:22.7,102.29647,100Mb
743,81,103,26:19.5,102.355416,100Mb
744,89,111,43:30.4,102.350504,100Mb
745,88,110,43:29.3,102.3898,100Mb
746,87,109,43:28.2,102.36524,100Mb
747,86,108,43:27.2,102.36524,100Mb
748,85,107,43:26.1,102.53225,100Mb
749,84,106,43:25.0,102.53225,100Mb
750,83,105,43:24.0,102.29968,100Mb
751,82,104,43:22.9,102.29968,100Mb
752,81,103,43:21.8,102.404536,100Mb
753,80,102,43:20.8,102.404536,100Mb
754,79,101,43:19.7,102.36524,100Mb
755,78,100,43:18.6,102.36524,100Mb
756,77,99,43:17.6,102.355416,100Mb
757,76,98,43:16.5,102.355416,100Mb
758,75,97,43:15.4,109.48273,100Mb
759,74,96,43:14.3,109.48273,100Mb
760,73,95,43:13.3,118.85008,100Mb
761,72,94,43:12.2,102.36541,100Mb
762,71,93,43:11.1,102.36541,100Mb
763,70,92,43:10.0,102.34559,100Mb
764,69,91,43:08.9,102.34559,100Mb
765,68,90,43:07.8,102.44383,100Mb
766,67,89,43:06.8,102.44383,100Mb
767,66,88,43:05.7,102.379976,100Mb
768,65,87,43:04.6,102.379976,100Mb
769,64,86,43:03.6,102.407744,100Mb
770,63,85,43:02.5,102.407744,100Mb
771,90,112,43:31.4,102.350504,100Mb
772,62,84,43:01.4,102.36033,100Mb
773,91,113,43:32.5,102.375064,100Mb
774,93,115,43:34.6,102.375064,100Mb
775,120,142,44:03.5,102.375064,100Mb
776,119,141,44:02.4,102.375064,100Mb
777,118,140,44:01.3,102.399624,100Mb
778,117,139,44:00.3,102.36524,100Mb
779,116,138,43:59.2,102.36524,100Mb
780,115,137,43:58.1,102.36033,100Mb
781,114,136,43:57.1,102.36033,100Mb
782,113,135,43:56.0,102.35371,100Mb
783,112,134,43:54.9,102.35371,100Mb
784,111,133,43:53.9,102.375064,100Mb
785,110,132,43:52.8,102.375064,100Mb
786,109,131,43:51.7,102.375064,100Mb
787,108,130,43:50.6,102.375064,100Mb
788,107,129,43:49.6,102.3898,100Mb
789,106,128,43:48.5,102.3898,100Mb
790,105,127,43:47.4,102.41436,100Mb
791,104,126,43:46.4,102.41436,100Mb
792,103,125,43:45.3,102.38489,100Mb
793,102,124,43:44.2,102.429096,100Mb
794,101,123,43:43.2,102.429096,100Mb
795,100,122,43:42.1,102.33577,100Mb
796,99,121,43:41.0,102.33577,100Mb
797,98,120,43:40.0,102.38285,100Mb
798,97,119,43:38.9,102.38285,100Mb
799,96,118,43:37.8,102.37015,100Mb
800,95,117,43:36.8,102.37015,100Mb
801,94,116,43:35.7,102.375064,100Mb
802,92,114,43:33.6,102.375064,100Mb
803,82,104,26:20.5,102.388096,100Mb
804,61,83,43:00.4,102.36033,100Mb
805,59,81,42:58.2,102.38489,100Mb
806,27,49,42:24.1,102.694344,100Mb
807,26,48,42:23.0,102.694344,100Mb
808,25,47,42:21.9,102.24244,100Mb
809,24,46,42:20.9,102.24244,100Mb
810,23,45,42:19.8,102.330856,100Mb
811,22,44,42:18.7,102.330856,100Mb
812,21,43,42:17.6,102.399624,100Mb
813,20,42,42:16.6,102.399624,100Mb
814,19,41,42:15.5,102.377936,100Mb
815,18,40,42:14.4,102.377936,100Mb
816,17,39,42:13.4,102.31121,100Mb
817,16,38,42:12.3,102.31612,100Mb
818,15,37,42:11.2,102.31612,100Mb
819,14,36,42:10.2,102.895736,100Mb
820,13,35,42:09.1,102.895736,100Mb
821,12,34,42:08.0,101.97719,100Mb
822,11,33,42:06.9,101.97719,100Mb
823,10,32,42:05.8,102.355416,100Mb
824,9,31,42:04.8,102.355416,100Mb
825,8,30,42:03.7,102.38489,100Mb
826,7,29,42:02.6,102.38489,100Mb
827,6,28,42:01.6,102.368776,100Mb
828,5,27,42:00.5,102.368776,100Mb
829,4,26,41:59.4,102.50261,100Mb
830,3,25,41:58.4,102.50261,100Mb
831,2,24,41:57.1,102.25243,100Mb
832,1,23,41:56.0,102.36033,100Mb
833,28,50,42:25.1,101.90351,100Mb
834,60,82,42:59.3,102.38489,100Mb
835,29,51,42:26.2,101.90351,100Mb
836,31,53,42:28.4,102.478216,100Mb
837,58,80,42:57.2,102.38489,100Mb
838,57,79,42:56.1,102.39471,100Mb
839,56,78,42:55.0,102.39471,100Mb
840,55,77,42:54.0,103.39185,100Mb
841,54,76,42:52.9,103.39185,100Mb
842,53,75,42:51.8,101.422136,100Mb
843,52,74,42:50.8,101.422136,100Mb
844,51,73,42:49.7,102.34559,100Mb
845,50,72,42:48.6,102.34559,100Mb
846,49,71,42:47.6,102.383184,100Mb
847,48,70,42:46.5,102.383184,100Mb
848,47,69,42:45.4,102.399624,100Mb
849,46,68,42:44.4,102.399624,100Mb
850,45,67,42:43.3,102.36524,100Mb
851,44,66,42:42.2,102.43892,100Mb
852,43,65,42:41.1,102.43892,100Mb
853,42,64,42:40.1,102.40945,100Mb
854,41,63,42:39.0,102.40945,100Mb
855,40,62,42:37.9,102.39471,100Mb
856,39,61,42:36.9,102.39471,100Mb
857,38,60,42:35.8,102.375064,100Mb
858,37,59,42:34.8,102.375064,100Mb
859,36,58,42:33.7,102.3898,100Mb
860,35,57,42:32.6,102.3898,100Mb
861,34,56,42:31.6,102.363536,100Mb
862,33,55,42:30.5,102.363536,100Mb
863,32,54,42:29.4,102.478216,100Mb
864,30,52,42:27.3,102.81223,100Mb
865,122,144,44:05.6,102.38489,100Mb
866,121,143,44:04.5,102.38489,100Mb
867,124,146,44:07.7,102.3898,100Mb
868,49,71,25:45.3,102.38489,100Mb
869,48,70,25:44.2,102.46839,100Mb
870,47,69,25:43.1,102.46839,100Mb
871,46,68,25:42.1,102.36524,100Mb
872,45,67,25:41.0,102.36524,100Mb
873,44,66,25:40.0,102.379976,100Mb
874,43,65,25:38.9,102.379976,100Mb
875,42,64,25:37.8,102.389464,100Mb
876,41,63,25:36.8,102.389464,100Mb
877,40,62,25:35.7,102.551896,100Mb
878,39,61,25:34.6,102.551896,100Mb
879,38,60,25:33.5,102.37336,100Mb
880,37,59,25:32.5,102.37336,100Mb
881,36,58,25:31.4,102.38489,100Mb
882,35,57,25:30.3,102.429096,100Mb
883,34,56,25:29.3,102.429096,100Mb
884,33,55,25:28.2,102.49295,100Mb
885,32,54,25:27.1,102.49295,100Mb
886,31,53,25:26.0,102.39471,100Mb
887,30,52,25:25.0,102.39471,100Mb
888,29,51,25:23.9,102.350504,100Mb
889,28,50,25:22.8,102.350504,100Mb
890,27,49,25:21.8,102.38489,100Mb
891,26,48,25:20.7,102.38489,100Mb
892,25,47,25:19.6,102.39317,100Mb
893,24,46,25:18.6,102.39317,100Mb
894,123,145,44:06.7,102.3898,100Mb
895,50,72,25:46.4,102.38489,100Mb
896,22,44,25:16.4,102.4142,100Mb
897,51,73,25:47.4,102.3898,100Mb
898,53,75,25:49.6,102.334064,100Mb
899,80,102,26:18.4,102.355416,100Mb
900,79,101,26:17.3,103.20519,100Mb
901,78,100,26:16.3,101.643176,100Mb
902,77,99,26:15.2,101.643176,100Mb
903,76,98,26:14.1,102.46839,100Mb
904,75,97,26:13.1,102.46839,100Mb
905,74,96,26:12.0,102.37015,100Mb
906,73,95,26:10.9,102.37015,100Mb
907,72,94,26:09.9,102.41436,100Mb
908,71,93,26:08.8,102.41436,100Mb
909,70,92,26:07.7,102.350504,100Mb
910,69,91,26:06.6,102.350504,100Mb
911,68,90,26:05.6,102.363536,100Mb
912,67,89,26:04.5,102.363536,100Mb
913,66,88,26:03.4,102.39471,100Mb
914,65,87,26:02.4,102.39488,100Mb
915,64,86,26:01.3,102.39488,100Mb
916,63,85,26:00.2,102.404536,100Mb
917,62,84,25:59.1,102.404536,100Mb
918,61,83,25:58.1,102.36524,100Mb
919,60,82,25:57.0,102.36524,100Mb
920,59,81,25:56.0,102.5126,100Mb
921,58,80,25:54.9,102.5126,100Mb
922,57,79,25:53.8,102.41927,100Mb
923,56,78,25:52.8,102.41927,100Mb
924,55,77,25:51.7,102.3898,100Mb
925,54,76,25:50.6,102.3898,100Mb
926,52,74,25:48.5,102.334064,100Mb
927,21,43,25:15.4,102.3898,100Mb
928,23,45,25:17.5,102.4142,100Mb
929,19,41,25:13.0,102.45857,100Mb
930,20,42,25:14.1,102.45857,100Mb
931,150,172,44:35.6,102.399624,100Mb
932,149,171,44:34.5,102.399624,100Mb
933,148,170,44:33.4,102.38489,100Mb
934,147,169,44:32.4,102.38489,100Mb
935,146,168,44:31.3,102.404536,100Mb
936,145,167,44:30.2,102.379976,100Mb
937,144,166,44:29.1,102.379976,100Mb
938,143,165,44:28.1,102.3786,100Mb
939,142,164,44:27.0,102.3786,100Mb
940,141,163,44:26.0,102.350176,100Mb
941,140,162,44:24.9,102.350176,100Mb
942,139,161,44:23.8,102.33577,100Mb
943,138,160,44:22.8,102.33577,100Mb
944,137,159,44:21.7,102.350504,100Mb
945,136,158,44:20.6,102.350504,100Mb
946,135,157,44:19.5,102.36524,100Mb
947,134,156,44:18.5,102.36524,100Mb
948,133,155,44:17.4,102.36033,100Mb
949,132,154,44:16.3,102.36033,100Mb
950,131,153,44:15.3,103.092216,100Mb
951,130,152,44:14.2,101.63335,100Mb
952,129,151,44:13.1,101.63335,100Mb
953,128,150,44:12.1,102.37827,100Mb
954,127,149,44:10.9,102.37827,100Mb
955,126,148,44:09.9,102.429096,100Mb
956,125,147,44:08.8,102.429096,100Mb
957,152,174,44:37.7,102.340344,100Mb
958,153,175,44:38.8,102.429096,100Mb
959,151,173,44:36.6,102.340344,100Mb
960,155,177,44:40.9,102.344096,100Mb
961,18,40,25:11.9,102.350504,100Mb
962,17,39,25:10.9,102.350504,100Mb
963,16,38,25:09.8,102.379976,100Mb
964,15,37,25:08.8,102.379976,100Mb
965,14,36,25:07.7,102.38436,100Mb
966,13,35,25:06.6,102.38436,100Mb
967,12,34,25:05.5,102.491776,100Mb
968,11,33,25:04.4,102.491776,100Mb
969,10,32,25:03.4,102.34559,100Mb
970,9,31,25:02.3,102.46348,100Mb
971,8,30,25:01.2,102.46348,100Mb
972,154,176,44:39.9,102.429096,100Mb
973,6,28,24:59.1,102.375064,100Mb
974,7,29,25:00.1,102.375064,100Mb
975,4,26,24:56.9,102.43892,100Mb
976,156,178,44:42.0,102.344096,100Mb
977,157,179,44:43.1,102.36012,100Mb
978,158,180,44:44.1,102.36012,100Mb
979,5,27,24:58.0,102.43892,100Mb
980,160,182,44:46.3,102.355416,100Mb
981,161,183,44:47.3,102.39471,100Mb
982,159,181,44:45.2,102.355416,100Mb
983,163,185,44:49.5,102.33577,100Mb
984,0,22,24:52.7,102.399624,100Mb
985,1,23,24:53.7,102.399624,100Mb
986,2,24,24:54.8,102.41927,100Mb
987,3,25,24:55.9,102.41927,100Mb
988,162,184,44:48.4,102.33577,100Mb
989,163,185,31:54.1,102.38489,100Mb
990,165,185,22:54.8,153.51389,150Mb
991,168,188,22:58.0,166.51342,150Mb
992,167,187,22:56.9,166.51342,150Mb
993,166,186,22:55.8,153.51389,150Mb
994,163,183,22:52.6,153.57283,150Mb
995,162,182,22:51.6,153.6809,150Mb
996,156,177,14:19.6,153.73002,150Mb
997,157,178,14:20.7,153.52864,150Mb
998,158,179,14:21.8,153.52864,150Mb
999,159,180,14:22.8,153.5171,150Mb
1000,160,181,14:23.9,153.5171,150Mb
1001,161,182,14:25.0,153.54336,150Mb
1002,162,183,14:26.0,153.54336,150Mb
1003,163,184,14:27.1,153.48934,150Mb
1004,164,185,14:28.2,153.48934,150Mb
1005,165,186,14:29.2,153.73002,150Mb
1006,166,187,14:30.3,153.73002,150Mb
1007,0,22,15:45.1,153.50237,150Mb
1008,1,23,15:46.2,153.50237,150Mb
1009,2,24,15:47.2,153.55811,150Mb
1010,3,25,15:48.3,153.55811,150Mb
1011,4,26,15:49.4,153.53354,150Mb
1012,5,27,15:50.5,153.69565,150Mb
1013,6,28,15:51.5,153.69565,150Mb
1014,7,29,15:52.6,153.33706,150Mb
1015,8,30,15:53.7,153.33706,150Mb
1016,9,31,15:54.7,153.77424,150Mb
1017,10,32,15:55.8,153.77424,150Mb
1018,11,33,15:56.9,153.676,150Mb
1019,12,34,15:57.9,153.676,150Mb
1020,13,35,15:59.0,153.71037,150Mb
1021,14,36,16:00.1,153.71037,150Mb
1022,15,37,16:01.1,153.57605,150Mb
1023,155,176,14:18.6,153.73002,150Mb
1024,16,38,16:02.2,153.57605,150Mb
1025,154,175,14:17.5,153.47427,150Mb
1026,152,173,14:15.3,153.50899,150Mb
1027,125,146,13:46.4,153.58266,150Mb
1028,126,147,13:47.5,153.58266,150Mb
1029,127,148,13:48.6,153.54336,150Mb
1030,128,149,13:49.6,153.54336,150Mb
1031,129,150,13:50.7,153.42058,150Mb
1032,130,151,13:51.8,153.42058,150Mb
1033,131,152,13:52.8,153.74306,150Mb
1034,132,153,13:53.9,153.74306,150Mb
1035,133,154,13:55.0,153.54336,150Mb
1036,134,155,13:56.1,153.54336,150Mb
1037,135,156,13:57.1,153.50406,150Mb
1038,136,157,13:58.2,153.50406,150Mb
1039,137,158,13:59.3,153.57283,150Mb
1040,138,159,14:00.4,153.44512,150Mb
1041,139,160,14:01.4,153.44512,150Mb
1042,140,161,14:02.5,153.69072,150Mb
1043,141,162,14:03.6,153.69072,150Mb
1044,142,163,14:04.6,153.57776,150Mb
1045,143,164,14:05.7,153.57776,150Mb
1046,144,165,14:06.8,153.50258,150Mb
1047,145,166,14:07.8,153.50258,150Mb
1048,146,167,14:08.9,153.58246,150Mb
1049,147,168,14:10.0,153.58246,150Mb
1050,148,169,14:11.0,153.53846,150Mb
1051,149,170,14:12.1,153.53846,150Mb
1052,150,171,14:13.2,153.53354,150Mb
1053,151,172,14:14.3,153.53354,150Mb
1054,153,174,14:16.4,153.47427,150Mb
1055,124,145,13:45.4,153.69072,150Mb
1056,17,39,16:03.3,153.52371,150Mb
1057,19,41,16:05.4,153.49917,150Mb
1058,51,73,16:39.7,153.51882,150Mb
1059,52,74,16:40.8,153.48442,150Mb
1060,53,75,16:41.8,153.48442,150Mb
1061,54,76,16:42.9,153.49424,150Mb
1062,55,77,16:44.0,153.49424,150Mb
1063,56,78,16:45.0,153.58758,150Mb
1064,57,79,16:46.1,153.58758,150Mb
1065,58,80,16:47.2,153.52202,150Mb
1066,59,81,16:48.2,153.52202,150Mb
1067,60,82,16:49.3,153.54336,150Mb
1068,61,83,16:50.4,153.58266,150Mb
1069,62,84,16:51.4,153.58266,150Mb
1070,63,85,16:52.5,153.52864,150Mb
1071,64,86,16:53.6,153.52864,150Mb
1072,65,87,16:54.7,153.59741,150Mb
1073,66,88,16:55.7,153.59741,150Mb
1074,67,89,16:56.8,153.4697,150Mb
1075,68,90,16:57.8,153.4697,150Mb
1076,69,91,16:58.9,153.64653,150Mb
1077,70,92,17:00.0,153.64653,150Mb
1078,71,93,17:01.0,153.61706,150Mb
1079,72,94,17:02.1,153.61706,150Mb
1080,73,95,17:03.2,153.73323,150Mb
1081,74,96,17:04.3,153.73323,150Mb
1082,75,97,17:05.3,153.53354,150Mb
1083,76,98,17:06.4,153.51882,150Mb
1084,77,99,17:07.5,153.51882,150Mb
1085,50,72,16:38.6,153.51882,150Mb
1086,18,40,16:04.4,153.49917,150Mb
1087,49,71,16:37.5,153.54336,150Mb
1088,47,69,16:35.4,153.61181,150Mb
1089,20,42,16:06.5,153.49917,150Mb
1090,21,43,16:07.6,153.49917,150Mb
1091,22,44,16:08.6,153.51389,150Mb
1092,23,45,16:09.7,153.51389,150Mb
1093,24,46,16:10.8,153.50406,150Mb
1094,25,47,16:11.8,153.50406,150Mb
1095,26,48,16:12.9,153.52864,150Mb
1096,27,49,16:14.0,153.52864,150Mb
1097,28,50,16:15.0,153.55318,150Mb
1098,29,51,16:16.1,153.55318,150Mb
1099,30,52,16:17.2,153.56131,150Mb
1100,31,53,16:18.3,153.56131,150Mb
1101,32,54,16:19.3,153.44512,150Mb
1102,33,55,16:20.4,153.72512,150Mb
1103,34,56,16:21.5,153.72512,150Mb
1104,35,57,16:22.5,153.51389,150Mb
1105,36,58,16:23.6,153.51389,150Mb
1106,37,59,16:24.7,153.52371,150Mb
1107,38,60,16:25.8,153.52371,150Mb
1108,39,61,16:26.8,153.55811,150Mb
1109,40,62,16:27.9,153.55811,150Mb
1110,41,63,16:29.0,153.4353,150Mb
1111,42,64,16:30.0,153.4353,150Mb
1112,43,65,16:31.1,153.68411,150Mb
1113,44,66,16:32.2,153.68411,150Mb
1114,45,67,16:33.3,153.53846,150Mb
1115,46,68,16:34.3,153.53846,150Mb
1116,48,70,16:36.5,153.54336,150Mb
1117,123,144,13:44.3,153.33706,150Mb
1118,122,143,13:43.2,153.33706,150Mb
1119,121,142,13:42.2,153.55318,150Mb
1120,31,52,12:05.8,153.54166,150Mb
1121,32,53,12:06.9,153.66125,150Mb
1122,33,54,12:07.9,153.66125,150Mb
1123,34,55,12:09.0,153.56794,150Mb
1124,35,56,12:10.1,153.56794,150Mb
1125,36,57,12:11.2,153.53354,150Mb
1126,37,58,12:12.2,153.53354,150Mb
1127,38,59,12:13.4,153.64653,150Mb
1128,39,60,12:14.5,153.53846,150Mb
1129,40,61,12:15.5,153.53846,150Mb
1130,41,62,12:16.6,153.40093,150Mb
1131,42,63,12:17.7,153.40093,150Mb
1132,43,64,12:18.7,153.69885,150Mb
1133,44,65,12:19.8,153.69885,150Mb
1134,45,66,12:20.9,153.51882,150Mb
1135,46,67,12:22.0,153.51882,150Mb
1136,47,68,12:23.1,153.4697,150Mb
1137,48,69,12:24.2,153.4697,150Mb
1138,49,70,12:25.3,152.25117,150Mb
1139,50,71,12:26.3,152.25117,150Mb
1140,51,72,12:27.4,155.14467,150Mb
1141,52,73,12:28.5,153.6416,150Mb
1142,53,74,12:29.6,153.6416,150Mb
1143,54,75,12:30.6,153.65142,150Mb
1144,55,76,12:31.7,153.65142,150Mb
1145,56,77,12:32.8,153.62517,150Mb
1146,57,78,12:33.8,153.62517,150Mb
1147,30,51,12:04.7,153.54166,150Mb
1148,58,79,12:34.9,153.53354,150Mb
1149,29,50,12:03.7,153.50899,150Mb
1150,27,48,12:01.5,153.51389,150Mb
1151,0,21,11:32.5,153.67107,150Mb
1152,1,22,11:33.6,153.67107,150Mb
1153,2,23,11:34.7,153.55811,150Mb
1154,3,24,11:35.7,153.55811,150Mb
1155,4,25,11:36.8,153.57114,150Mb
1156,5,26,11:37.8,153.57114,150Mb
1157,6,27,11:38.9,153.51389,150Mb
1158,7,28,11:40.0,153.51389,150Mb
1159,8,29,11:41.1,153.4697,150Mb
1160,9,30,11:42.1,153.4697,150Mb
1161,10,31,11:43.2,153.83808,150Mb
1162,11,32,11:44.3,153.83808,150Mb
1163,12,33,11:45.3,153.51882,150Mb
1164,13,34,11:46.4,153.55811,150Mb
1165,14,35,11:47.5,153.55811,150Mb
1166,15,36,11:48.5,153.52864,150Mb
1167,16,37,11:49.6,153.52864,150Mb
1168,17,38,11:50.7,153.53237,150Mb
1169,18,39,11:51.8,153.53237,150Mb
1170,19,40,11:52.8,153.65091,150Mb
1171,20,41,11:53.9,153.65091,150Mb
1172,21,42,11:54.9,153.63178,150Mb
1173,22,43,11:56.2,153.63178,150Mb
1174,23,44,11:57.3,153.53354,150Mb
1175,24,45,11:58.3,153.53354,150Mb
1176,25,46,11:59.4,153.53354,150Mb
1177,26,47,12:00.5,153.51389,150Mb
1178,28,49,12:02.6,153.50899,150Mb
1179,59,80,12:36.0,153.53354,150Mb
1180,60,81,12:37.0,153.44512,150Mb
1181,61,82,12:38.1,153.44512,150Mb
1182,94,115,13:13.4,153.49424,150Mb
1183,95,116,13:14.4,153.50406,150Mb
1184,96,117,13:15.5,153.50406,150Mb
1185,97,118,13:16.6,153.49424,150Mb
1186,98,119,13:17.6,153.49424,150Mb
1187,99,120,13:18.7,153.50883,150Mb
1188,100,121,13:19.8,153.50883,150Mb
1189,101,122,13:20.8,153.46781,150Mb
1190,102,123,13:21.9,153.46781,150Mb
1191,103,124,13:23.0,153.62688,150Mb
1192,104,125,13:24.0,153.62688,150Mb
1193,105,126,13:25.1,153.54829,150Mb
1194,106,127,13:26.2,153.54829,150Mb
1195,107,128,13:27.2,153.54829,150Mb
1196,108,129,13:28.3,153.54829,150Mb
1197,109,130,13:29.4,153.48442,150Mb
1198,110,131,13:30.4,153.76442,150Mb
1199,111,132,13:31.5,153.76442,150Mb
1200,112,133,13:32.6,153.55318,150Mb
1201,113,134,13:33.6,153.55318,150Mb
1202,114,135,13:34.7,153.51373,150Mb
1203,115,136,13:35.8,153.51373,150Mb
1204,116,137,13:36.8,153.55165,150Mb
1205,117,138,13:37.9,153.55165,150Mb
1206,118,139,13:39.0,153.57776,150Mb
1207,119,140,13:40.0,153.57776,150Mb
1208,120,141,13:41.1,153.55318,150Mb
1209,93,114,13:12.3,153.49917,150Mb
1210,92,113,13:11.2,153.49917,150Mb
1211,91,112,13:10.2,153.51882,150Mb
1212,90,111,13:09.1,153.51882,150Mb
1213,62,83,12:39.2,153.69072,150Mb
1214,63,84,12:40.2,153.69072,150Mb
1215,64,85,12:41.3,153.53846,150Mb
1216,65,86,12:42.4,153.51389,150Mb
1217,66,87,12:43.5,153.51389,150Mb
1218,67,88,12:44.5,153.66618,150Mb
1219,68,89,12:45.6,153.66618,150Mb
1220,69,90,12:46.7,153.55318,150Mb
1221,70,91,12:47.7,153.55318,150Mb
1222,71,92,12:48.8,153.55149,150Mb
1223,72,93,12:49.9,153.55149,150Mb
1224,73,94,12:50.9,153.08656,150Mb
1225,74,95,12:52.0,153.08656,150Mb
1226,78,100,17:08.5,153.44512,150Mb
1227,75,96,12:53.1,154.11808,150Mb
1228,77,98,12:55.2,153.42547,150Mb
1229,78,99,12:56.3,153.42547,150Mb
1230,79,100,12:57.3,153.7153,150Mb
1231,80,101,12:58.4,153.4697,150Mb
1232,81,102,12:59.5,153.4697,150Mb
1233,82,103,13:00.5,153.52864,150Mb
1234,83,104,13:01.6,153.52864,150Mb
1235,84,105,13:02.7,153.41075,150Mb
1236,85,106,13:03.7,153.41075,150Mb
1237,86,107,13:04.8,153.80691,150Mb
1238,87,108,13:05.9,153.80691,150Mb
1239,88,109,13:06.9,153.57776,150Mb
1240,89,110,13:08.0,153.57776,150Mb
1241,76,97,12:54.1,154.11808,150Mb
1242,164,184,22:53.7,153.57283,150Mb
1243,79,101,17:09.6,153.44512,150Mb
1244,82,104,17:12.8,153.72512,150Mb
1245,73,93,21:16.4,153.49917,150Mb
1246,74,94,21:17.5,153.49917,150Mb
1247,75,95,21:18.6,153.50899,150Mb
1248,76,96,21:19.7,153.50899,150Mb
1249,77,97,21:20.7,153.57776,150Mb
1250,78,98,21:21.8,153.57776,150Mb
1251,79,99,21:22.9,153.57114,150Mb
1252,80,100,21:23.9,153.57114,150Mb
1253,81,101,21:25.0,153.58758,150Mb
1254,82,102,21:26.1,153.58758,150Mb
1255,83,103,21:27.1,153.56794,150Mb
1256,84,104,21:28.2,153.56794,150Mb
1257,85,105,21:29.3,153.47952,150Mb
1258,86,106,21:30.4,153.47952,150Mb
1259,87,107,21:31.4,153.55811,150Mb
1260,88,108,21:32.5,153.52864,150Mb
1261,89,109,21:33.6,153.52864,150Mb
1262,90,110,21:34.6,153.53846,150Mb
1263,91,111,21:35.7,153.53846,150Mb
1264,92,112,21:36.8,153.51866,150Mb
1265,93,113,21:37.9,153.51866,150Mb
1266,94,114,21:38.9,153.57232,150Mb
1267,95,115,21:40.0,153.57232,150Mb
1268,96,116,21:41.1,153.52371,150Mb
1269,97,117,21:42.1,153.52371,150Mb
1270,98,118,21:43.2,153.67107,150Mb
1271,99,119,21:44.3,153.67107,150Mb
1272,72,92,21:15.4,153.51389,150Mb
1273,100,120,21:45.3,153.49917,150Mb
1274,71,91,21:14.3,153.59248,150Mb
1275,69,89,21:12.2,153.47952,150Mb
1276,42,62,20:43.3,153.52371,150Mb
1277,43,63,20:44.4,153.41075,150Mb
1278,44,64,20:45.4,153.41075,150Mb
1279,45,65,20:46.5,153.73494,150Mb
1280,46,66,20:47.6,153.73494,150Mb
1281,47,67,20:48.6,153.52864,150Mb
1282,48,68,20:49.7,153.52864,150Mb
1283,49,69,20:50.8,153.53205,150Mb
1284,50,70,20:51.9,153.53205,150Mb
1285,51,71,20:53.0,153.48422,150Mb
1286,52,72,20:54.0,153.48422,150Mb
1287,53,73,20:55.1,153.65635,150Mb
1288,54,74,20:56.2,153.65635,150Mb
1289,55,75,20:57.2,153.53354,150Mb
1290,56,76,20:58.3,153.53354,150Mb
1291,57,77,20:59.4,153.49917,150Mb
1292,58,78,21:00.4,153.69072,150Mb
1293,59,79,21:01.5,153.69072,150Mb
1294,60,80,21:02.6,153.56301,150Mb
1295,61,81,21:03.7,153.56301,150Mb
1296,62,82,21:04.7,153.56301,150Mb
1297,63,83,21:05.8,153.56301,150Mb
1298,64,84,21:06.9,153.55149,150Mb
1299,65,85,21:07.9,153.55149,150Mb
1300,66,86,21:09.0,153.52339,150Mb
1301,67,87,21:10.0,153.52339,150Mb
1302,68,88,21:11.1,153.47952,150Mb
1303,70,90,21:13.2,153.59248,150Mb
1304,41,61,20:42.3,153.72512,150Mb
1305,101,121,21:46.4,153.50899,150Mb
1306,103,123,21:48.5,153.50406,150Mb
1307,135,155,22:22.7,153.54829,150Mb
1308,136,156,22:23.8,153.54829,150Mb
1309,137,157,22:24.9,153.64482,150Mb
1310,138,158,22:25.9,153.64482,150Mb
1311,139,159,22:27.0,153.45987,150Mb
1312,140,160,22:28.1,153.45987,150Mb
1313,141,161,22:29.1,153.8479,150Mb
1314,142,162,22:30.2,153.8479,150Mb
1315,143,163,22:31.3,153.53354,150Mb
1316,144,164,22:32.3,153.53354,150Mb
1317,145,165,22:33.4,153.51882,150Mb
1318,146,166,22:34.5,153.65142,150Mb
1319,147,167,22:35.5,153.65142,150Mb
1320,148,168,22:36.6,153.4353,150Mb
1321,149,169,22:37.7,153.4353,150Mb
1322,150,170,22:38.8,153.70547,150Mb
1323,151,171,22:39.8,153.70547,150Mb
1324,152,172,22:40.9,153.52693,150Mb
1325,153,173,22:42.0,153.52693,150Mb
1326,154,174,22:43.0,153.53354,150Mb
1327,155,175,22:44.1,153.53354,150Mb
1328,156,176,22:45.2,153.53846,150Mb
1329,157,177,22:46.2,153.53846,150Mb
1330,158,178,22:47.3,153.51389,150Mb
1331,159,179,22:48.4,153.6416,150Mb
1332,160,180,22:49.4,153.6416,150Mb
1333,161,181,22:50.5,153.6809,150Mb
1334,134,154,22:21.7,153.56794,150Mb
1335,102,122,21:47.5,153.50899,150Mb
1336,133,153,22:20.6,153.56794,150Mb
1337,131,151,22:18.4,153.57283,150Mb
1338,104,124,21:49.6,153.50406,150Mb
1339,105,125,21:50.7,153.68582,150Mb
1340,106,126,21:51.7,153.68582,150Mb
1341,107,127,21:52.8,153.5471,150Mb
1342,108,128,21:53.9,153.5471,150Mb
1343,109,129,21:54.9,153.42986,150Mb
1344,110,130,21:56.0,153.42986,150Mb
1345,111,131,21:57.1,153.7153,150Mb
1346,112,132,21:58.1,153.7153,150Mb
1347,113,133,21:59.2,153.50899,150Mb
1348,114,134,22:00.3,153.50899,150Mb
1349,115,135,22:01.4,153.56301,150Mb
1350,116,136,22:02.4,153.51882,150Mb
1351,117,137,22:03.5,153.51882,150Mb
1352,118,138,22:04.6,153.51882,150Mb
1353,119,139,22:05.6,153.51882,150Mb
1354,120,140,22:06.7,153.54829,150Mb
1355,121,141,22:07.8,153.54829,150Mb
1356,122,142,22:08.8,153.57571,150Mb
1357,123,143,22:09.9,153.57571,150Mb
1358,124,144,22:11.0,153.54829,150Mb
1359,125,145,22:12.0,153.54829,150Mb
1360,126,146,22:13.1,153.52371,150Mb
1361,127,147,22:14.2,153.52371,150Mb
1362,128,148,22:15.2,153.50406,150Mb
1363,129,149,22:16.3,153.50406,150Mb
1364,130,150,22:17.4,153.50406,150Mb
1365,132,152,22:19.5,153.57283,150Mb
1366,40,60,20:41.2,153.72512,150Mb
1367,39,59,20:40.1,153.4697,150Mb
1368,38,58,20:39.0,153.4697,150Mb
1369,114,136,17:47.0,153.53354,150Mb
1370,115,137,17:48.1,153.53354,150Mb
1371,116,138,17:49.2,153.49254,150Mb
1372,117,139,17:50.2,153.49254,150Mb
1373,118,140,17:51.3,153.66125,150Mb
1374,119,141,17:52.4,153.66125,150Mb
1375,120,142,17:53.4,153.69565,150Mb
1376,121,143,17:54.5,153.54336,150Mb
1377,122,144,17:55.6,153.54336,150Mb
1378,123,145,17:56.6,153.51882,150Mb
1379,124,146,17:57.7,153.51882,150Mb
1380,125,147,17:58.8,153.32723,150Mb
1381,126,148,17:59.8,153.32723,150Mb
1382,127,149,18:00.9,153.89702,150Mb
1383,128,150,18:02.0,153.89702,150Mb
1384,129,151,18:03.0,153.52864,150Mb
1385,130,152,18:04.1,153.52864,150Mb
1386,131,153,18:05.2,153.56131,150Mb
1387,132,154,18:06.2,153.56131,150Mb
1388,133,155,18:07.3,153.60723,150Mb
1389,134,156,18:08.4,153.53846,150Mb
1390,135,157,18:09.4,153.53846,150Mb
1391,136,158,18:10.5,153.57776,150Mb
1392,137,159,18:11.6,153.57776,150Mb
1393,138,160,18:12.6,153.58758,150Mb
1394,139,161,18:13.7,153.58758,150Mb
1395,140,162,18:14.8,153.49917,150Mb
1396,113,135,17:45.9,153.80861,150Mb
1397,141,163,18:15.8,153.49917,150Mb
1398,112,134,17:44.9,153.80861,150Mb
1399,110,132,17:42.8,153.33706,150Mb
1400,83,105,17:13.9,153.72512,150Mb
1401,84,106,17:14.9,153.55811,150Mb
1402,85,107,17:16.0,153.55811,150Mb
1403,86,108,17:17.1,153.52371,150Mb
1404,87,109,17:18.2,153.52371,150Mb
1405,88,110,17:19.2,153.58096,150Mb
1406,89,111,17:20.3,153.58096,150Mb
1407,90,112,17:21.4,153.66125,150Mb
1408,91,113,17:22.4,153.55318,150Mb
1409,92,114,17:23.5,153.55318,150Mb
1410,93,115,17:24.6,153.52371,150Mb
1411,94,116,17:25.6,153.52371,150Mb
1412,95,117,17:26.7,153.56301,150Mb
1413,96,118,17:27.8,153.56301,150Mb
1414,97,119,17:28.9,153.61213,150Mb
1415,98,120,17:29.9,153.61213,150Mb
1416,99,121,17:31.0,153.57776,150Mb
1417,100,122,17:32.1,153.57776,150Mb
1418,101,123,17:33.1,153.5708,150Mb
1419,102,124,17:34.2,153.5708,150Mb
1420,103,125,17:35.3,153.69072,150Mb
1421,104,126,17:36.3,153.69072,150Mb
1422,105,127,17:37.4,153.42058,150Mb
1423,106,128,17:38.5,153.75949,150Mb
1424,107,129,17:39.5,153.75949,150Mb
1425,108,130,17:40.6,153.52864,150Mb
1426,109,131,17:41.7,153.52864,150Mb
1427,111,133,17:43.8,153.33706,150Mb
1428,142,164,18:16.9,153.56301,150Mb
1429,143,165,18:18.0,153.56301,150Mb
1430,144,166,18:19.0,153.51882,150Mb
1431,11,31,20:10.1,153.53322,150Mb
1432,12,32,20:11.2,153.55811,150Mb
1433,13,33,20:12.3,153.55811,150Mb
1434,14,34,20:13.3,153.54829,150Mb
1435,15,35,20:14.4,153.49424,150Mb
1436,16,36,20:15.5,153.49424,150Mb
1437,17,37,20:16.6,153.50899,150Mb
1438,18,38,20:17.6,153.50899,150Mb
1439,19,39,20:18.7,153.59248,150Mb
1440,20,40,20:19.8,153.59248,150Mb
1441,21,41,20:20.8,153.53675,150Mb
1442,22,42,20:21.9,153.53675,150Mb
1443,23,43,20:23.0,153.52371,150Mb
1444,24,44,20:24.0,153.52371,150Mb
1445,25,45,20:25.1,153.51389,150Mb
1446,26,46,20:26.2,153.51389,150Mb
1447,27,47,20:27.2,153.53354,150Mb
1448,28,48,20:28.3,153.53354,150Mb
1449,29,49,20:29.4,153.56301,150Mb
1450,30,50,20:30.4,153.54336,150Mb
1451,31,51,20:31.5,153.54336,150Mb
1452,32,52,20:32.6,153.55811,150Mb
1453,33,53,20:33.7,153.55811,150Mb
1454,34,54,20:34.7,153.51389,150Mb
1455,35,55,20:35.8,153.51389,150Mb
1456,36,56,20:36.9,153.40904,150Mb
1457,37,57,20:38.0,153.40904,150Mb
1458,10,30,20:09.1,153.53322,150Mb
1459,9,29,20:08.0,153.55318,150Mb
1460,8,28,20:06.9,153.55318,150Mb
1461,7,27,20:05.9,153.57605,150Mb
1462,145,167,18:20.1,153.51882,150Mb
1463,146,168,18:21.1,153.5471,150Mb
1464,147,169,18:22.2,153.5471,150Mb
1465,148,170,18:23.3,153.57722,150Mb
1466,149,171,18:24.4,153.57722,150Mb
1467,150,172,18:25.4,153.56794,150Mb
1468,151,173,18:26.5,153.4353,150Mb
1469,152,174,18:27.6,153.4353,150Mb
1470,153,175,18:28.7,153.68058,150Mb
1471,154,176,18:29.7,153.68058,150Mb
1472,155,177,18:30.8,153.52864,150Mb
1473,156,178,18:31.8,153.52864,150Mb
1474,157,179,18:32.9,153.74477,150Mb
1475,80,102,17:10.7,153.60723,150Mb
1476,158,180,18:34.0,153.74477,150Mb
1477,160,182,18:36.1,153.48934,150Mb
1478,161,183,18:37.2,153.57114,150Mb
1479,162,184,18:38.2,153.57114,150Mb
1480,163,185,18:39.3,153.51389,150Mb
1481,164,186,18:40.4,153.51389,150Mb
1482,165,187,18:41.4,153.51389,150Mb
1483,0,20,19:58.4,140.28227,150Mb
1484,1,21,19:59.5,140.28227,150Mb
1485,2,22,20:00.5,153.51389,150Mb
1486,3,23,20:01.6,153.51389,150Mb
1487,4,24,20:02.7,153.53846,150Mb
1488,5,25,20:03.7,153.53846,150Mb
1489,6,26,20:04.8,153.57605,150Mb
1490,159,181,18:35.0,153.48934,150Mb
1491,81,103,17:11.8,153.60723,150Mb
1492,54,74,21:54.8,511.87814,500Mb
1493,164,185,30:33.2,511.71658,500Mb
1494,154,174,17:49.9,511.70186,500Mb
1495,155,175,17:50.9,512.35837,500Mb
1496,156,176,17:52.0,512.35837,500Mb
1497,157,177,17:53.1,511.41696,500Mb
1498,158,178,17:54.2,511.41696,500Mb
1499,159,179,17:55.2,512.4239,500Mb
1500,160,180,17:56.3,511.5201,500Mb
1501,161,181,17:57.4,511.5201,500Mb
1502,162,182,17:58.4,512.477949,500Mb
1503,163,183,17:59.5,512.477949,500Mb
1504,164,184,18:00.6,511.6871,500Mb
1505,165,185,18:01.6,511.6871,500Mb
1506,153,173,17:48.8,511.70186,500Mb
1507,166,186,18:02.7,458.35994,500Mb
1508,0,20,20:56.9,488.14435,500Mb
1509,1,21,20:58.0,488.14435,500Mb
1510,2,22,20:59.0,516.52544,500Mb
1511,3,23,21:00.1,516.52544,500Mb
1512,4,24,21:01.2,506.75546,500Mb
1513,5,25,21:02.3,506.75546,500Mb
1514,6,26,21:03.3,517.768159,500Mb
1515,7,27,21:04.4,511.93763,500Mb
1516,8,28,21:05.5,511.93763,500Mb
1517,9,29,21:06.6,511.66256,500Mb
1518,10,30,21:07.6,511.66256,500Mb
1519,11,31,21:08.7,511.28755,500Mb
1520,167,187,18:03.8,458.35994,500Mb
1521,152,172,17:47.7,515.60198,500Mb
1522,151,171,17:46.6,515.60198,500Mb
1523,150,170,17:45.6,508.29293,500Mb
1524,123,143,17:16.5,512.20288,500Mb
1525,124,144,17:17.6,512.20288,500Mb
1526,125,145,17:18.7,511.5672,500Mb
1527,126,146,17:19.8,511.5672,500Mb
1528,127,147,17:20.8,503.99002,500Mb
1529,128,148,17:22.0,503.99002,500Mb
1530,129,149,17:23.1,480.491,500Mb
1531,130,150,17:24.2,480.491,500Mb
1532,131,151,17:25.3,567.10854,500Mb
1533,132,152,17:26.3,511.6373,500Mb
1534,133,153,17:27.4,511.6373,500Mb
1535,134,154,17:28.5,511.85904,500Mb
1536,135,155,17:29.5,511.85904,500Mb
1537,136,156,17:30.6,512.261819,500Mb
1538,137,157,17:31.7,512.261819,500Mb
1539,138,158,17:32.7,512.276539,500Mb
1540,139,159,17:33.8,512.276539,500Mb
1541,140,160,17:34.9,511.72438,500Mb
1542,141,161,17:35.9,511.72438,500Mb
1543,142,162,17:37.0,511.6429,500Mb
1544,143,163,17:38.1,511.6429,500Mb
1545,144,164,17:39.1,512.12918,500Mb
1546,145,165,17:40.2,512.12918,500Mb
1547,146,166,17:41.3,509.24586,500Mb
1548,147,167,17:42.4,514.75712,500Mb
1549,148,168,17:43.4,514.75712,500Mb
1550,149,169,17:44.5,508.29293,500Mb
1551,12,32,21:09.8,511.28755,500Mb
1552,122,142,17:15.4,512.47302,500Mb
1553,13,33,21:10.9,512.2962,500Mb
1554,15,35,21:13.0,512.51725,500Mb
1555,47,67,21:47.3,512.301119,500Mb
1556,48,68,21:48.4,511.7608,500Mb
1557,49,69,21:49.5,511.7608,500Mb
1558,50,70,21:50.5,511.6085,500Mb
1559,51,71,21:51.6,511.6085,500Mb
1560,52,72,21:52.7,511.72032,500Mb
1561,53,73,21:53.8,511.72032,500Mb
1562,55,75,21:55.9,511.87814,500Mb
1563,56,76,21:57.0,511.78045,500Mb
1564,57,77,21:58.1,511.78045,500Mb
1565,58,78,21:59.1,511.62816,500Mb
1566,59,79,22:00.2,511.62816,500Mb
1567,46,66,21:46.2,512.07024,500Mb
1568,60,80,22:01.3,511.8931,500Mb
1569,62,82,22:03.4,511.6734,500Mb
1570,63,83,22:04.5,511.77552,500Mb
1571,64,84,22:05.6,511.77552,500Mb
1572,65,85,22:06.6,511.05805,500Mb
1573,66,86,22:07.7,511.05805,500Mb
1574,67,87,22:08.8,512.37834,500Mb
1575,68,88,22:09.9,512.37834,500Mb
1576,69,89,22:10.9,511.33837,500Mb
1577,70,90,22:12.0,511.33837,500Mb
1578,71,91,22:13.1,512.3846,500Mb
1579,72,92,22:14.1,512.3846,500Mb
1580,73,93,22:15.2,510.9896,500Mb
1581,61,81,22:02.3,511.6734,500Mb
1582,45,65,21:45.2,512.07024,500Mb
1583,44,64,21:44.1,511.7657,500Mb
1584,43,63,21:43.0,511.7657,500Mb
1585,16,36,21:14.1,512.51725,500Mb
1586,17,37,21:15.2,511.56922,500Mb
1587,18,38,21:16.2,511.56922,500Mb
1588,19,39,21:17.3,512.065,500Mb
1589,20,40,21:18.4,511.75098,500Mb
1590,21,41,21:19.5,511.75098,500Mb
1591,22,42,21:20.5,511.66746,500Mb
1592,23,43,21:21.6,511.66746,500Mb
1593,24,44,21:22.7,511.78858,500Mb
1594,25,45,21:23.7,511.78858,500Mb
1595,26,46,21:24.8,511.65274,500Mb
1596,27,47,21:25.9,511.65274,500Mb
1597,28,48,21:26.9,511.7215,500Mb
1598,29,49,21:28.0,511.7215,500Mb
1599,30,50,21:29.1,510.84224,500Mb
1600,31,51,21:30.2,510.84224,500Mb
1601,32,52,21:31.2,512.428829,500Mb
1602,33,53,21:32.3,509.7174,500Mb
1603,34,54,21:33.4,509.7174,500Mb
1604,35,55,21:34.5,513.71085,500Mb
1605,36,56,21:35.5,513.71085,500Mb
1606,37,57,21:36.6,512.85126,500Mb
1607,38,58,21:37.7,512.85126,500Mb
1608,39,59,21:38.8,508.56138,500Mb
1609,40,60,21:39.8,508.56138,500Mb
1610,41,61,21:40.9,515.243399,500Mb
1611,42,62,21:42.0,515.243399,500Mb
1612,14,34,21:11.9,512.2962,500Mb
1613,121,141,17:14.3,512.47302,500Mb
1614,120,140,17:13.2,510.9847,500Mb
1615,119,139,17:12.2,512.32566,500Mb
1616,31,51,15:37.7,511.59242,500Mb
1617,32,52,15:38.8,509.03462,500Mb
1618,33,53,15:39.9,509.03462,500Mb
1619,34,54,15:41.0,515.51846,500Mb
1620,35,55,15:42.0,515.51846,500Mb
1621,36,56,15:43.1,511.70675,500Mb
1622,37,57,15:44.2,511.70675,500Mb
1623,38,58,15:45.2,511.7264,500Mb
1624,39,59,15:46.3,512.139,500Mb
1625,40,60,15:47.4,512.139,500Mb
1626,41,61,15:48.4,512.124299,500Mb
1627,42,62,15:49.5,512.124299,500Mb
1628,30,50,15:36.7,511.59242,500Mb
1629,43,63,15:50.6,511.32685,500Mb
1630,45,65,15:52.7,512.5909,500Mb
1631,46,66,15:53.8,512.5909,500Mb
1632,47,67,15:54.9,511.7408,500Mb
1633,48,68,15:55.9,511.7408,500Mb
1634,49,69,15:57.0,508.82342,500Mb
1635,50,70,15:58.1,508.82342,500Mb
1636,51,71,15:59.1,515.27286,500Mb
1637,52,72,16:00.2,515.27286,500Mb
1638,53,73,16:01.3,511.73133,500Mb
1639,54,74,16:02.4,512.08006,500Mb
1640,55,75,16:03.4,512.08006,500Mb
1641,56,76,16:04.5,511.75098,500Mb
1642,44,64,15:51.6,511.32685,500Mb
1643,29,49,15:35.6,511.8145,500Mb
1644,28,48,15:34.5,511.8145,500Mb
1645,27,47,15:33.4,512.80704,500Mb
1646,0,20,15:04.5,496.08214,500Mb
1647,1,21,15:05.6,496.08214,500Mb
1648,2,22,15:06.6,511.82787,500Mb
1649,3,23,15:07.7,511.82787,500Mb
1650,4,24,15:08.8,511.8443,500Mb
1651,5,25,15:09.9,511.8443,500Mb
1652,6,26,15:10.9,511.53485,500Mb
1653,7,27,15:12.0,511.53485,500Mb
1654,8,28,15:13.1,512.38954,500Mb
1655,9,29,15:14.2,512.38954,500Mb
1656,10,30,15:15.2,511.5987,500Mb
1657,11,31,15:16.3,511.04365,500Mb
1658,165,186,30:34.3,511.71658,500Mb
1659,13,33,15:18.5,513.03792,500Mb
1660,14,34,15:19.5,513.03792,500Mb
1661,15,35,15:20.6,511.6314,500Mb
1662,16,36,15:21.7,511.6314,500Mb
1663,17,37,15:22.7,511.65763,500Mb
1664,18,38,15:23.8,511.65763,500Mb
1665,19,39,15:24.9,512.0506,500Mb
1666,20,40,15:26.0,512.0506,500Mb
1667,21,41,15:27.0,511.73622,500Mb
1668,22,42,15:28.1,511.73622,500Mb
1669,23,43,15:29.2,511.5594,500Mb
1670,24,44,15:30.2,511.5594,500Mb
1671,25,45,15:31.3,511.88358,500Mb
1672,26,46,15:32.4,512.80704,500Mb
1673,57,77,16:05.6,511.75098,500Mb
1674,58,78,16:06.7,511.82787,500Mb
1675,59,79,16:07.7,511.82787,500Mb
1676,60,80,16:08.8,512.11446,500Mb
1677,92,112,16:43.2,511.7608,500Mb
1678,93,113,16:44.2,511.7608,500Mb
1679,94,114,16:45.3,512.261819,500Mb
1680,95,115,16:46.4,511.60362,500Mb
1681,96,116,16:47.4,511.60362,500Mb
1682,97,117,16:48.5,511.805,500Mb
1683,98,118,16:49.6,511.805,500Mb
1684,99,119,16:50.7,510.9486,500Mb
1685,100,120,16:51.7,510.9486,500Mb
1686,101,121,16:52.8,512.35024,500Mb
1687,102,122,16:53.9,512.35024,500Mb
1688,103,123,16:54.9,511.70186,500Mb
1689,104,124,16:56.0,511.70186,500Mb
1690,105,125,16:57.1,511.70186,500Mb
1691,106,126,16:58.2,511.70186,500Mb
1692,107,127,16:59.3,511.6871,500Mb
1693,108,128,17:00.3,511.77062,500Mb
1694,109,129,17:01.4,511.77062,500Mb
1695,110,130,17:02.5,512.01622,500Mb
1696,111,131,17:03.6,512.01622,500Mb
1697,112,132,17:04.7,511.8917,500Mb
1698,113,133,17:05.7,511.8917,500Mb
1699,114,134,17:06.8,511.80992,500Mb
1700,115,135,17:07.9,511.80992,500Mb
1701,116,136,17:08.9,511.8394,500Mb
1702,117,137,17:10.0,511.8394,500Mb
1703,118,138,17:11.1,512.32566,500Mb
1704,91,111,16:42.1,510.92083,500Mb
1705,74,94,22:16.3,510.9896,500Mb
1706,90,110,16:41.0,510.92083,500Mb
1707,88,108,16:38.9,511.8145,500Mb
1708,61,81,16:09.9,512.11446,500Mb
1709,62,82,16:10.9,512.536899,500Mb
1710,63,83,16:12.0,512.536899,500Mb
1711,64,84,16:13.1,511.66746,500Mb
1712,65,85,16:14.2,511.66746,500Mb
1713,66,86,16:15.2,512.76774,500Mb
1714,67,87,16:16.3,511.26467,500Mb
1715,68,88,16:17.4,511.26467,500Mb
1716,69,89,16:18.5,512.65968,500Mb
1717,70,90,16:19.5,512.65968,500Mb
1718,71,91,16:20.6,511.85242,500Mb
1719,72,92,16:21.7,511.85242,500Mb
1720,73,93,16:22.7,511.71168,500Mb
1721,74,94,16:23.8,511.71168,500Mb
1722,75,95,16:24.9,511.73133,500Mb
1723,76,96,16:26.0,511.73133,500Mb
1724,77,97,16:27.0,512.0997,500Mb
1725,78,98,16:28.1,512.0997,500Mb
1726,79,99,16:29.2,511.7264,500Mb
1727,80,100,16:30.3,511.7264,500Mb
1728,81,101,16:31.3,511.70675,500Mb
1729,82,102,16:32.4,512.276539,500Mb
1730,83,103,16:33.5,512.276539,500Mb
1731,84,104,16:34.6,512.1387,500Mb
1732,85,105,16:35.6,512.1387,500Mb
1733,86,106,16:36.7,511.7152,500Mb
1734,87,107,16:37.8,511.7152,500Mb
1735,89,109,16:40.0,511.8145,500Mb
1736,75,95,22:17.4,512.762849,500Mb
1737,12,32,15:17.4,511.04365,500Mb
1738,77,97,22:28.3,252.91587,500Mb
1739,76,97,28:58.3,511.57414,500Mb
1740,77,98,28:59.6,511.57414,500Mb
1741,78,99,29:00.7,511.69693,500Mb
1742,79,100,29:01.7,511.69693,500Mb
1743,80,101,29:02.8,512.222369,500Mb
1744,81,102,29:03.9,512.222369,500Mb
1745,82,103,29:04.9,511.66102,500Mb
1746,83,104,29:06.0,511.66102,500Mb
1747,84,105,29:07.1,511.6478,500Mb
1748,85,106,29:08.1,511.6478,500Mb
1749,86,107,29:09.2,511.24502,500Mb
1750,87,108,29:10.3,511.24502,500Mb
1751,75,96,28:57.2,512.595839,500Mb
1752,88,109,29:11.4,513.15088,500Mb
1753,90,111,29:13.5,511.5594,500Mb
1754,91,112,29:14.6,510.93066,500Mb
1755,92,113,29:15.6,510.93066,500Mb
1756,93,114,29:16.7,512.36954,500Mb
1757,94,115,29:17.8,512.36954,500Mb
1758,95,116,29:18.9,512.16678,500Mb
1759,96,117,29:20.0,512.16678,500Mb
1760,97,118,29:21.0,511.4366,500Mb
1761,98,119,29:22.1,511.4366,500Mb
1762,99,120,29:23.2,512.18813,500Mb
1763,100,121,29:24.3,512.18813,500Mb
1764,101,122,29:25.3,512.630199,500Mb
1765,89,110,29:12.4,511.5594,500Mb
1766,74,95,28:56.2,511.24995,500Mb
1767,73,94,28:55.1,511.24995,500Mb
1768,72,93,28:54.0,511.57277,500Mb
1769,45,66,28:24.6,511.70998,500Mb
1770,46,67,28:25.7,511.70998,500Mb
1771,47,68,28:26.8,512.69408,500Mb
1772,48,69,28:27.8,512.69408,500Mb
1773,49,70,28:28.9,511.8541,500Mb
1774,50,71,28:30.0,511.8541,500Mb
1775,51,72,28:31.0,511.78992,500Mb
1776,52,73,28:32.1,511.78992,500Mb
1777,53,74,28:33.2,511.37766,500Mb
1778,54,75,28:34.3,511.37766,500Mb
1779,55,76,28:35.4,512.1341,500Mb
1780,56,77,28:36.8,512.31584,500Mb
1781,57,78,28:37.9,512.31584,500Mb
1782,58,79,28:39.0,546.7178,500Mb
1783,59,80,28:40.1,546.7178,500Mb
1784,60,81,28:41.1,512.8758,500Mb
1785,61,82,28:42.2,512.8758,500Mb
1786,62,83,28:43.3,511.65274,500Mb
1787,63,84,28:44.4,511.32854,500Mb
1788,64,85,28:45.4,511.32854,500Mb
1789,65,86,28:46.5,512.1783,500Mb
1790,66,87,28:47.6,512.1783,500Mb
1791,67,88,28:48.7,511.71168,500Mb
1792,68,89,28:49.7,511.71168,500Mb
1793,69,90,28:50.8,512.31552,500Mb
1794,70,91,28:51.9,512.31552,500Mb
1795,71,92,28:52.9,511.57277,500Mb
1796,102,123,29:26.4,511.53485,500Mb
1797,103,124,29:27.5,511.53485,500Mb
1798,104,125,29:28.6,511.7608,500Mb
1799,105,126,29:29.6,511.7608,500Mb
1800,137,158,30:04.1,507.80986,500Mb
1801,138,159,30:05.2,516.343679,500Mb
1802,139,160,30:06.3,516.343679,500Mb
1803,140,161,30:07.3,508.71043,500Mb
1804,141,162,30:08.4,514.89466,500Mb
1805,142,163,30:09.5,514.89466,500Mb
1806,143,164,30:10.6,512.075169,500Mb
1807,144,165,30:11.7,512.075169,500Mb
1808,145,166,30:12.7,511.60362,500Mb
1809,146,167,30:13.8,511.60362,500Mb
1810,147,168,30:14.9,512.34042,500Mb
1811,148,169,30:15.9,512.34042,500Mb
1812,149,170,30:17.0,511.63648,500Mb
1813,150,171,30:18.1,511.63648,500Mb
1814,151,172,30:19.2,511.90272,500Mb
1815,152,173,30:20.2,511.90272,500Mb
1816,153,174,30:21.3,512.2962,500Mb
1817,154,175,30:22.4,510.99453,500Mb
1818,155,176,30:23.6,510.99453,500Mb
1819,156,177,30:24.7,512.35514,500Mb
1820,158,179,30:26.8,512.310939,500Mb
1821,159,180,30:27.9,512.310939,500Mb
1822,160,181,30:28.9,511.66762,500Mb
1823,161,182,30:30.0,511.66762,500Mb
1824,162,183,30:31.1,511.76893,500Mb
1825,163,184,30:32.2,511.76893,500Mb
1826,76,96,22:27.2,512.18813,500Mb
1827,136,157,30:03.0,507.80986,500Mb
1828,44,65,28:23.6,511.6429,500Mb
1829,135,156,30:02.0,511.9327,500Mb
1830,133,154,29:59.8,511.7608,500Mb
1831,106,127,29:30.7,510.577,500Mb
1832,107,128,29:31.8,510.577,500Mb
1833,108,129,29:32.9,513.77302,500Mb
1834,109,130,29:33.9,513.77302,500Mb
1835,110,131,29:35.0,510.55245,500Mb
1836,111,132,29:36.1,510.55245,500Mb
1837,112,133,29:37.1,514.96342,500Mb
1838,113,134,29:38.2,514.96342,500Mb
1839,114,135,29:39.3,512.09482,500Mb
1840,115,136,29:40.3,511.92288,500Mb
1841,116,137,29:41.4,511.92288,500Mb
1842,117,138,29:42.5,511.04854,500Mb
1843,118,139,29:43.5,511.04854,500Mb
1844,119,140,29:44.6,512.477949,500Mb
1845,120,141,29:45.7,512.477949,500Mb
1846,121,142,29:46.8,511.6429,500Mb
1847,122,143,29:47.8,511.6429,500Mb
1848,123,144,29:48.9,512.6629,500Mb
1849,124,145,29:50.1,512.6629,500Mb
1850,125,146,29:51.2,514.56554,500Mb
1851,126,147,29:52.3,514.56554,500Mb
1852,127,148,29:53.4,552.5893,500Mb
1853,128,149,29:54.5,511.96218,500Mb
1854,129,150,29:55.5,511.96218,500Mb
1855,130,151,29:56.6,511.7608,500Mb
1856,131,152,29:57.7,511.7608,500Mb
1857,132,153,29:58.7,511.7608,500Mb
1858,134,155,30:00.9,511.9327,500Mb
1859,43,64,28:22.5,511.6429,500Mb
1860,157,178,30:25.7,512.35514,500Mb
1861,41,62,28:20.3,511.77552,500Mb
1862,109,129,23:03.5,511.04365,500Mb
1863,110,130,23:04.5,513.11158,500Mb
1864,111,131,23:05.6,513.11158,500Mb
1865,112,132,23:06.7,512.1783,500Mb
1866,113,133,23:10.7,512.1783,500Mb
1867,114,135,23:12.9,539.92384,500Mb
1868,115,136,23:14.0,539.92384,500Mb
1869,116,137,23:15.0,512.93933,500Mb
1870,117,138,23:16.1,512.93933,500Mb
1871,118,139,23:17.2,511.84922,500Mb
1872,119,140,23:18.2,511.84922,500Mb
1873,120,141,23:19.3,511.45626,500Mb
1874,108,128,23:02.3,511.04365,500Mb
1875,121,142,23:20.4,511.25485,500Mb
1876,123,144,23:22.5,512.60074,500Mb
1877,124,145,23:23.6,512.60074,500Mb
1878,125,146,23:24.7,510.94016,500Mb
1879,126,147,23:25.7,510.94016,500Mb
1880,127,148,23:26.8,512.633439,500Mb
1881,128,149,23:27.9,512.633439,500Mb
1882,129,150,23:28.9,511.85904,500Mb
1883,130,151,23:30.0,511.85904,500Mb
1884,131,152,23:31.1,511.5201,500Mb
1885,132,153,23:32.2,511.5201,500Mb
1886,133,154,23:33.2,511.96218,500Mb
1887,134,155,23:34.3,511.96218,500Mb
1888,122,143,23:21.4,511.25485,500Mb
1889,107,127,23:01.2,511.6918,500Mb
1890,106,126,23:00.2,511.63158,500Mb
1891,105,125,22:59.1,511.63158,500Mb
1892,78,98,22:29.4,252.91587,500Mb
1893,42,63,28:21.4,511.77552,500Mb
1894,79,99,22:30.5,514.805899,500Mb
1895,80,100,22:31.7,514.805899,500Mb
1896,81,101,22:32.8,511.65274,500Mb
1897,83,103,22:34.9,511.74605,500Mb
1898,84,104,22:36.0,511.74605,500Mb
1899,85,105,22:37.1,508.79226,500Mb
1900,86,106,22:38.2,508.79226,500Mb
1901,87,107,22:39.3,511.51536,500Mb
1902,88,108,22:40.3,515.336739,500Mb
1903,89,109,22:41.4,515.336739,500Mb
1904,90,110,22:42.5,512.03094,500Mb
1905,91,111,22:43.6,512.03094,500Mb
1906,92,112,22:44.7,512.419,500Mb
1907,93,113,22:45.9,512.419,500Mb
1908,94,114,22:47.0,512.27133,500Mb
1909,95,115,22:48.1,512.27133,500Mb
1910,96,116,22:49.2,511.70995,500Mb
1911,97,117,22:50.3,511.70995,500Mb
1912,98,118,22:51.4,512.34058,500Mb
1913,99,119,22:52.5,511.33837,500Mb
1914,100,120,22:53.5,511.33837,500Mb
1915,101,121,22:54.6,512.19795,500Mb
1916,102,122,22:55.7,512.19795,500Mb
1917,103,123,22:56.8,512.37005,500Mb
1918,104,124,22:58.0,512.37005,500Mb
1919,135,156,23:35.4,511.6429,500Mb
1920,136,157,23:36.4,511.6478,500Mb
1921,82,102,22:33.8,511.65274,500Mb
1922,138,159,23:38.6,511.7264,500Mb
1923,14,35,27:51.3,511.66746,500Mb
1924,15,36,27:52.4,511.8885,500Mb
1925,16,37,27:53.5,511.8885,500Mb
1926,17,38,27:54.6,511.20896,500Mb
1927,18,39,27:55.6,511.20896,500Mb
1928,19,40,27:56.7,512.251999,500Mb
1929,20,41,27:57.8,512.251999,500Mb
1930,21,42,27:58.9,511.81974,500Mb
1931,22,43,28:00.0,511.81974,500Mb
1932,23,44,28:01.0,511.87376,500Mb
1933,24,45,28:02.1,511.87376,500Mb
1934,25,46,28:03.2,511.8001,500Mb
1935,13,34,27:50.3,512.301119,500Mb
1936,26,47,28:04.2,511.8001,500Mb
1937,28,49,28:06.4,508.67114,500Mb
1938,29,50,28:07.4,508.67114,500Mb
1939,30,51,28:08.5,515.3205,500Mb
1940,31,52,28:09.6,515.3205,500Mb
1941,32,53,28:10.7,511.58374,500Mb
1942,33,54,28:11.7,511.58374,500Mb
1943,34,55,28:12.8,512.379699,500Mb
1944,35,56,28:13.9,512.379699,500Mb
1945,40,61,28:19.3,511.81974,500Mb
1946,37,58,28:16.1,511.75587,500Mb
1947,38,59,28:17.1,511.62816,500Mb
1948,137,158,23:37.5,511.6478,500Mb
1949,27,48,28:05.3,511.60867,500Mb
1950,12,33,27:49.2,512.301119,500Mb
1951,36,57,28:15.0,511.75587,500Mb
1952,10,31,27:47.1,511.67238,500Mb
1953,139,160,23:39.6,511.7264,500Mb
1954,11,32,27:48.1,511.67238,500Mb
1955,140,161,23:40.7,509.89914,500Mb
1956,141,162,23:41.8,509.89914,500Mb
1957,142,163,23:42.9,514.90768,500Mb
1958,143,164,23:43.9,514.90768,500Mb
1959,144,165,23:45.0,511.80992,500Mb
1960,145,166,23:46.1,511.80992,500Mb
1961,146,167,23:47.2,511.80992,500Mb
1962,147,168,23:48.2,511.80992,500Mb
1963,148,169,23:49.3,511.7608,500Mb
1964,149,170,23:50.4,512.149,500Mb
1965,150,171,23:51.5,512.149,500Mb
1966,151,172,23:52.5,511.71658,500Mb
1967,39,60,28:18.2,511.62816,500Mb
1968,153,174,23:54.7,502.79878,500Mb
1969,9,30,27:46.0,512.10954,500Mb
1970,152,173,23:53.6,511.71658,500Mb
1971,7,28,27:43.8,512.45795,500Mb
1972,8,29,27:44.9,512.10954,500Mb
1973,5,26,27:41.7,510.97334,500Mb
1974,4,25,27:40.6,510.97334,500Mb
1975,6,27,27:42.8,512.45795,500Mb
1976,2,23,27:38.5,512.46304,500Mb
1977,1,22,27:37.4,511.32362,500Mb
1978,0,21,27:36.3,511.32362,500Mb
1979,154,175,23:55.7,502.79878,500Mb
1980,3,24,27:39.6,512.46304,500Mb
1981,155,177,51:25.1,818.86394,800Mb
1982,154,176,51:24.0,819.4566,800Mb
1983,156,178,51:26.2,818.86394,800Mb
1984,153,175,51:23.0,819.4566,800Mb
1985,152,174,51:21.9,818.8099,800Mb
1986,151,173,51:20.8,818.8099,800Mb
1987,150,172,51:19.8,819.065,800Mb
1988,149,171,51:18.7,819.065,800Mb
1989,148,170,51:17.6,855.20224,800Mb
1990,147,169,51:16.5,855.20224,800Mb
1991,146,168,51:15.5,779.31014,800Mb
1992,141,163,51:07.3,779.8757,800Mb
1993,144,166,51:12.3,800.7173,800Mb
1994,143,165,51:10.8,800.7173,800Mb
1995,142,164,51:09.5,776.8166,800Mb
1996,140,162,51:05.9,788.91,800Mb
1997,139,161,51:04.6,788.91,800Mb
1998,138,160,51:03.2,783.74163,800Mb
1999,137,159,51:01.8,774.6593,800Mb
2000,136,158,51:00.4,765.8335,800Mb
2001,135,157,50:59.1,765.8335,800Mb
2002,134,156,50:57.7,776.4439,800Mb
2003,133,155,50:56.3,819.5647,800Mb
2004,132,154,50:55.0,819.5647,800Mb
2005,145,167,51:14.4,701.54406,800Mb
2006,0,20,53:03.5,776.5189,800Mb
2007,6,26,53:09.9,818.46605,800Mb
2008,2,22,53:05.6,818.90816,800Mb
2009,28,48,53:33.5,817.63597,800Mb
2010,27,47,53:32.4,817.63597,800Mb
2011,131,153,50:54.0,820.59296,800Mb
2012,26,46,53:31.4,820.1246,800Mb
2013,25,45,53:30.3,819.1734,800Mb
2014,24,44,53:29.2,819.1734,800Mb
2015,23,43,53:28.1,818.65766,800Mb
2016,22,42,53:27.1,818.65766,800Mb
2017,21,41,53:26.0,819.64986,800Mb
2018,20,40,53:24.9,819.64986,800Mb
2019,19,39,53:23.8,820.09683,800Mb
2020,18,38,53:22.7,820.09683,800Mb
2021,17,37,53:21.7,818.1713,800Mb
2022,16,36,53:20.6,818.1713,800Mb
2023,15,35,53:19.5,820.51437,800Mb
2024,13,33,53:17.4,819.70714,800Mb
2025,12,32,53:16.3,818.2938,800Mb
2026,11,31,53:15.2,818.2938,800Mb
2027,10,30,53:14.2,820.0134,800Mb
2028,9,29,53:13.1,820.0134,800Mb
2029,8,28,53:12.0,818.8983,800Mb
2030,7,27,53:11.0,818.8983,800Mb
2031,5,25,53:08.8,818.46605,800Mb
2032,4,24,53:07.8,819.8414,800Mb
2033,3,23,53:06.7,819.8414,800Mb
2034,1,21,53:04.5,818.90816,800Mb
2035,14,34,53:18.4,820.51437,800Mb
2036,103,125,50:23.9,819.11443,800Mb
2037,129,151,50:51.8,817.35597,800Mb
2038,97,119,50:17.5,819.43866,800Mb
2039,96,118,50:16.4,818.8099,800Mb
2040,95,117,50:15.3,818.8099,800Mb
2041,94,116,50:14.2,819.95443,800Mb
2042,93,115,50:13.2,819.95443,800Mb
2043,92,114,50:12.1,817.85005,800Mb
2044,91,113,50:11.0,817.85005,800Mb
2045,90,112,50:09.9,818.7903,800Mb
2046,89,111,50:08.9,818.7903,800Mb
2047,88,110,50:07.8,818.77555,800Mb
2048,87,109,50:06.7,818.77555,800Mb
2049,86,108,50:05.6,820.38176,800Mb
2050,85,107,50:04.6,820.38176,800Mb
2051,84,106,50:03.5,818.76077,800Mb
2052,83,105,50:02.4,818.76077,800Mb
2053,82,104,50:01.3,818.5299,800Mb
2054,81,103,50:00.3,818.078,800Mb
2055,80,102,49:59.2,818.078,800Mb
2056,79,101,49:58.1,819.1278,800Mb
2057,78,100,49:57.1,819.1278,800Mb
2058,77,99,49:56.0,819.0061,800Mb
2059,76,98,49:54.9,819.0061,800Mb
2060,29,49,53:34.6,820.1361,800Mb
2061,75,97,49:53.8,818.5791,800Mb
2062,74,96,49:52.8,818.5791,800Mb
2063,98,120,50:18.5,817.5328,800Mb
2064,99,121,50:19.6,817.5328,800Mb
2065,100,122,50:20.7,819.2029,800Mb
2066,101,123,50:21.7,819.2029,800Mb
2067,128,150,50:50.7,817.35597,800Mb
2068,127,149,50:49.7,820.1116,800Mb
2069,126,148,50:48.6,820.1116,800Mb
2070,125,147,50:47.5,818.04365,800Mb
2071,124,146,50:46.5,818.04365,800Mb
2072,123,145,50:45.4,818.4612,800Mb
2073,122,144,50:44.3,818.82957,800Mb
2074,121,143,50:43.3,818.82957,800Mb
2075,120,142,50:42.2,818.7804,800Mb
2076,119,141,50:41.1,818.7804,800Mb
2077,118,140,50:40.0,818.87206,800Mb
2078,117,139,50:39.0,818.87206,800Mb
2079,130,152,50:52.9,820.59296,800Mb
2080,116,138,50:37.9,819.5222,800Mb
2081,114,136,50:35.8,819.8021,800Mb
2082,113,135,50:34.7,819.8021,800Mb
2083,112,134,50:33.6,819.1341,800Mb
2084,111,133,50:32.5,819.1341,800Mb
2085,110,132,50:31.5,827.234,800Mb
2086,109,131,50:30.4,824.52256,800Mb
2087,108,130,50:29.3,824.52256,800Mb
2088,107,129,50:28.2,806.7657,800Mb
2089,106,128,50:27.2,806.7657,800Mb
2090,105,127,50:26.1,819.1963,800Mb
2091,104,126,50:25.0,819.1963,800Mb
2092,102,124,50:22.8,819.11443,800Mb
2093,115,137,50:36.8,819.5222,800Mb
2094,30,50,53:35.7,820.1361,800Mb
2095,89,109,54:54.6,818.16646,800Mb
2096,32,52,53:37.8,819.6695,800Mb
2097,116,136,55:23.7,817.9307,800Mb
2098,115,135,55:22.6,817.9307,800Mb
2099,114,134,55:21.5,820.4014,800Mb
2100,113,133,55:20.5,820.4014,800Mb
2101,112,132,55:19.4,823.7153,800Mb
2102,111,131,55:18.3,815.30765,800Mb
2103,110,130,55:17.3,815.30765,800Mb
2104,109,129,55:16.2,819.5467,800Mb
2105,108,128,55:15.1,819.5467,800Mb
2106,107,127,55:14.0,820.0134,800Mb
2107,106,126,55:13.0,820.0134,800Mb
2108,105,125,55:11.9,818.8099,800Mb
2109,104,124,55:10.8,818.8099,800Mb
2110,103,123,55:09.7,819.72845,800Mb
2111,102,122,55:08.7,819.72845,800Mb
2112,101,121,55:07.6,819.22746,800Mb
2113,100,120,55:06.5,819.22746,800Mb
2114,99,119,55:05.4,817.6686,800Mb
2115,98,118,55:04.3,819.6597,800Mb
2116,97,117,55:03.3,819.6597,800Mb
2117,96,116,55:02.2,818.7952,800Mb
2118,95,115,55:01.1,818.7952,800Mb
2119,94,114,55:00.0,818.80006,800Mb
2120,93,113,54:58.9,818.80006,800Mb
2121,92,112,54:57.9,819.9839,800Mb
2122,117,137,55:24.8,820.4653,800Mb
2123,91,111,54:56.8,819.9839,800Mb
2124,118,138,55:25.8,820.4653,800Mb
2125,120,140,55:28.0,817.6114,800Mb
2126,144,164,55:59.3,818.8836,800Mb
2127,73,95,49:51.7,821.0645,800Mb
2128,143,163,55:58.2,822.34656,800Mb
2129,142,162,55:57.2,822.34656,800Mb
2130,141,161,55:56.0,702.25594,800Mb
2131,140,160,55:54.7,702.25594,800Mb
2132,139,159,55:53.3,794.89274,800Mb
2133,138,158,55:49.9,767.2466,800Mb
2134,137,157,55:48.5,806.0714,800Mb
2135,136,156,55:47.1,806.0714,800Mb
2136,135,155,55:45.7,780.7599,800Mb
2137,134,154,55:43.4,782.1713,800Mb
2138,133,153,55:42.1,818.6622,800Mb
2139,132,152,55:40.9,818.6622,800Mb
2140,131,151,55:39.8,818.69696,800Mb
2141,130,150,55:38.7,818.69696,800Mb
2142,129,149,55:37.7,818.5398,800Mb
2143,128,148,55:36.6,818.5398,800Mb
2144,127,147,55:35.5,819.82515,800Mb
2145,126,146,55:34.4,819.82515,800Mb
2146,125,145,55:33.4,819.242,800Mb
2147,124,144,55:32.3,818.638,800Mb
2148,123,143,55:31.2,818.638,800Mb
2149,122,142,55:30.2,820.1067,800Mb
2150,121,141,55:29.1,820.1067,800Mb
2151,119,139,55:26.9,817.6114,800Mb
2152,31,51,53:36.7,819.6695,800Mb
2153,90,110,54:55.7,818.16646,800Mb
2154,87,107,54:52.5,818.8099,800Mb
2155,57,77,54:20.3,796.701,800Mb
2156,56,76,54:19.1,796.701,800Mb
2157,55,75,54:17.8,730.5819,800Mb
2158,54,74,54:16.4,801.71597,800Mb
2159,53,73,54:14.1,838.27104,800Mb
2160,52,72,54:12.8,838.27104,800Mb
2161,51,71,54:11.5,815.6795,800Mb
2162,50,70,54:10.2,811.64634,800Mb
2163,49,69,54:08.8,811.64634,800Mb
2164,48,68,54:07.4,782.61325,800Mb
2165,47,67,54:06.1,719.9764,800Mb
2166,46,66,54:04.7,691.37555,800Mb
2167,45,65,54:00.4,721.8745,800Mb
2168,44,64,53:58.0,707.285,800Mb
2169,43,63,53:56.5,699.5684,800Mb
2170,42,62,53:53.9,696.622,800Mb
2171,41,61,53:51.4,690.84454,800Mb
2172,40,60,53:50.0,599.33446,800Mb
2173,39,59,53:47.6,826.8049,800Mb
2174,38,58,53:44.3,811.7956,800Mb
2175,37,57,53:43.2,811.7956,800Mb
2176,36,56,53:42.1,818.82957,800Mb
2177,35,55,53:41.0,818.82957,800Mb
2178,34,54,53:40.0,817.6998,800Mb
2179,33,53,53:38.9,817.6998,800Mb
2180,58,78,54:21.3,873.94694,800Mb
2181,88,108,54:53.6,818.8099,800Mb
2182,59,79,54:22.4,873.94694,800Mb
2183,61,81,54:24.6,820.6912,800Mb
2184,86,106,54:51.4,819.78534,800Mb
2185,85,105,54:50.3,819.59584,800Mb
2186,84,104,54:49.3,819.59584,800Mb
2187,83,103,54:48.2,818.66746,800Mb
2188,82,102,54:47.1,818.66746,800Mb
2189,81,101,54:46.1,818.66746,800Mb
2190,80,100,54:45.0,818.66746,800Mb
2191,79,99,54:43.9,819.08006,800Mb
2192,78,98,54:42.8,819.08006,800Mb
2193,77,97,54:41.8,825.49024,800Mb
2194,76,96,54:40.7,825.49024,800Mb
2195,75,95,54:39.6,812.5127,800Mb
2196,74,94,54:38.5,812.5127,800Mb
2197,73,93,54:37.4,819.76115,800Mb
2198,72,92,54:36.4,818.89344,800Mb
2199,71,91,54:35.3,818.89344,800Mb
2200,70,90,54:34.2,818.8885,800Mb
2201,69,89,54:33.1,818.8885,800Mb
2202,68,88,54:32.1,818.638,800Mb
2203,67,87,54:31.0,818.638,800Mb
2204,66,86,54:29.9,819.63514,800Mb
2205,65,85,54:28.9,819.63514,800Mb
2206,64,84,54:27.8,819.2569,800Mb
2207,63,83,54:26.7,819.2569,800Mb
2208,62,82,54:25.6,820.6912,800Mb
2209,60,80,54:23.5,819.3929,800Mb
2210,72,94,49:50.6,821.0645,800Mb
2211,109,129,46:05.5,820.20986,800Mb
2212,70,92,49:48.5,817.72435,800Mb
2213,81,101,45:35.5,820.4161,800Mb
2214,80,100,45:34.4,820.4161,800Mb
2215,79,99,45:33.3,819.84634,800Mb
2216,78,98,45:32.3,819.9036,800Mb
2217,77,97,45:31.2,819.9036,800Mb
2218,76,96,45:30.1,817.4149,800Mb
2219,75,95,45:29.1,817.4149,800Mb
2220,74,94,45:28.0,818.525,800Mb
2221,73,93,45:26.9,818.525,800Mb
2222,72,92,45:25.8,819.80704,800Mb
2223,71,91,45:24.8,819.80704,800Mb
2224,70,90,45:23.7,819.7481,800Mb
2225,69,89,45:22.6,819.7481,800Mb
2226,68,88,45:21.5,818.57414,800Mb
2227,67,87,45:20.5,818.57414,800Mb
2228,66,86,45:19.4,819.7088,800Mb
2229,65,85,45:18.3,823.12755,800Mb
2230,64,84,45:17.3,823.12755,800Mb
2231,63,83,45:16.2,815.05056,800Mb
2232,62,82,45:15.1,815.05056,800Mb
2233,61,81,45:14.0,819.63514,800Mb
2234,60,80,45:13.0,819.63514,800Mb
2235,59,79,45:11.9,818.54925,800Mb
2236,58,78,45:10.8,818.54925,800Mb
2237,57,77,45:09.7,818.70675,800Mb
2238,82,102,45:36.6,818.78534,800Mb
2239,56,76,45:08.7,818.70675,800Mb
2240,83,103,45:37.6,818.78534,800Mb
2241,85,105,45:39.8,818.13306,800Mb
2242,111,131,46:07.7,818.82957,800Mb
2243,110,130,46:06.6,818.82957,800Mb
2244,108,128,46:04.5,820.20986,800Mb
2245,107,127,46:03.4,817.9598,800Mb
2246,106,126,46:02.3,819.8597,800Mb
2247,105,125,46:01.3,819.8597,800Mb
2248,104,124,46:00.2,818.35277,800Mb
2249,103,123,45:59.1,818.35277,800Mb
2250,102,122,45:58.0,818.87866,800Mb
2251,101,121,45:57.0,818.87866,800Mb
2252,100,120,45:55.9,820.32774,800Mb
2253,99,119,45:54.8,820.32774,800Mb
2254,98,118,45:53.7,818.0289,800Mb
2255,97,117,45:52.7,818.0289,800Mb
2256,96,116,45:51.6,820.2049,800Mb
2257,95,115,45:50.5,820.2049,800Mb
2258,94,114,45:49.4,818.58886,800Mb
2259,93,113,45:48.4,822.3122,800Mb
2260,92,112,45:47.3,822.3122,800Mb
2261,91,111,45:46.2,815.8512,800Mb
2262,90,110,45:45.2,815.8512,800Mb
2263,89,109,45:44.1,818.76077,800Mb
2264,88,108,45:43.0,818.76077,800Mb
2265,87,107,45:42.0,819.92,800Mb
2266,86,106,45:40.9,819.92,800Mb
2267,84,104,45:38.7,818.13306,800Mb
2268,112,132,46:08.8,818.7313,800Mb
2269,55,75,45:07.6,820.0821,800Mb
2270,53,73,45:05.4,857.88486,800Mb
2271,23,43,44:27.7,819.9102,800Mb
2272,22,42,44:26.7,819.9102,800Mb
2273,21,41,44:25.6,819.4534,800Mb
2274,20,40,44:24.5,819.4534,800Mb
2275,19,39,44:23.4,818.2794,800Mb
2276,18,38,44:22.4,818.785,800Mb
2277,17,37,44:21.3,818.785,800Mb
2278,16,36,44:20.2,821.1611,800Mb
2279,15,35,44:19.1,821.1611,800Mb
2280,14,34,44:18.0,817.35597,800Mb
2281,13,33,44:17.0,817.35597,800Mb
2282,12,32,44:15.9,819.90035,800Mb
2283,11,31,44:14.8,819.90035,800Mb
2284,10,30,44:13.6,817.5279,800Mb
2285,9,29,44:12.5,817.5279,800Mb
2286,8,28,44:11.4,820.3867,800Mb
2287,7,27,44:10.4,820.0723,800Mb
2288,6,26,44:09.3,820.0723,800Mb
2289,5,25,44:08.2,817.6195,800Mb
2290,4,24,44:07.1,817.6195,800Mb
2291,3,23,44:06.1,818.6724,800Mb
2292,2,22,44:05.0,818.6724,800Mb
2293,1,21,44:03.9,770.2362,800Mb
2294,0,20,44:02.9,770.2362,800Mb
2295,145,165,56:00.4,818.8836,800Mb
2296,24,44,44:28.8,818.8492,800Mb
2297,54,74,45:06.5,820.0821,800Mb
2298,25,45,44:29.9,818.8492,800Mb
2299,27,47,44:32.0,818.8443,800Mb
2300,52,72,45:04.3,836.06406,800Mb
2301,51,71,45:03.3,836.06406,800Mb
2302,50,70,45:02.1,763.7948,800Mb
2303,49,69,45:00.8,763.7948,800Mb
2304,48,68,44:59.5,707.7115,800Mb
2305,47,67,44:58.1,621.8128,800Mb
2306,46,66,44:55.7,617.7391,800Mb
2307,45,65,44:53.0,768.48154,800Mb
2308,44,64,44:50.5,819.06854,800Mb
2309,43,63,44:49.2,819.06854,800Mb
2310,42,62,44:48.1,819.5909,800Mb
2311,41,61,44:47.0,819.5909,800Mb
2312,40,60,44:45.9,819.53197,800Mb
2313,39,59,44:44.9,819.53197,800Mb
2314,38,58,44:43.8,818.6871,800Mb
2315,37,57,44:42.7,818.6871,800Mb
2316,36,56,44:41.7,818.69203,800Mb
2317,35,55,44:40.6,818.69203,800Mb
2318,34,54,44:39.5,819.23725,800Mb
2319,33,53,44:38.5,819.23725,800Mb
2320,32,52,44:37.4,818.82957,800Mb
2321,31,51,44:36.3,817.8521,800Mb
2322,30,50,44:35.3,817.8521,800Mb
2323,29,49,44:34.2,818.94086,800Mb
2324,28,48,44:33.1,818.94086,800Mb
2325,26,46,44:31.0,818.8443,800Mb
2326,113,133,46:09.8,818.7313,800Mb
2327,114,134,46:10.9,818.38746,800Mb
2328,115,135,46:12.0,818.38746,800Mb
2329,40,62,49:11.6,819.0164,800Mb
2330,39,61,49:10.5,819.0164,800Mb
2331,38,60,49:09.5,820.77965,800Mb
2332,37,59,49:08.4,817.6605,800Mb
2333,36,58,49:07.3,817.6605,800Mb
2334,35,57,49:06.2,818.5643,800Mb
2335,34,56,49:05.2,818.5643,800Mb
2336,33,55,49:04.1,819.94323,800Mb
2337,32,54,49:03.0,819.94323,800Mb
2338,31,53,49:02.0,818.88346,800Mb
2339,30,52,49:00.9,818.88346,800Mb
2340,29,51,48:59.8,817.92083,800Mb
2341,28,50,48:58.7,817.92083,800Mb
2342,27,49,48:57.6,818.7706,800Mb
2343,26,48,48:56.6,818.7706,800Mb
2344,25,47,48:55.5,819.31584,800Mb
2345,24,46,48:54.4,819.31584,800Mb
2346,23,45,48:53.4,819.89056,800Mb
2347,22,44,48:52.3,817.8226,800Mb
2348,21,43,48:51.2,817.8226,800Mb
2349,20,42,48:50.1,819.07514,800Mb
2350,19,41,48:49.1,819.07514,800Mb
2351,18,40,48:48.0,824.08864,800Mb
2352,17,39,48:46.9,824.08864,800Mb
2353,16,38,48:45.9,815.2438,800Mb
2354,41,63,49:12.7,818.8099,800Mb
2355,15,37,48:44.8,815.2438,800Mb
2356,42,64,49:13.8,818.8099,800Mb
2357,44,66,49:16.1,817.3609,800Mb
2358,69,91,49:47.4,821.6785,800Mb
2359,68,90,49:46.3,815.5385,800Mb
2360,67,89,49:45.2,815.5385,800Mb
2361,66,88,49:44.2,819.6204,800Mb
2362,65,87,49:43.1,819.6204,800Mb
2363,64,86,49:42.0,819.2454,800Mb
2364,63,85,49:40.9,819.2454,800Mb
2365,62,84,49:39.9,819.78246,800Mb
2366,61,83,49:38.8,819.78246,800Mb
2367,60,82,49:37.7,859.8202,800Mb
2368,59,81,49:36.6,859.8202,800Mb
2369,58,80,49:35.6,795.9542,800Mb
2370,57,79,49:34.4,782.07123,800Mb
2371,56,78,49:33.2,782.07123,800Mb
2372,55,77,49:31.8,820.033,800Mb
2373,54,76,49:30.6,820.033,800Mb
2374,53,75,49:29.5,846.0715,800Mb
2375,52,74,49:28.5,846.0715,800Mb
2376,51,73,49:27.4,832.7598,800Mb
2377,50,72,49:26.2,810.45805,800Mb
2378,49,71,49:25.0,810.45805,800Mb
2379,48,70,49:23.7,779.3156,800Mb
2380,47,69,49:22.4,754.59296,800Mb
2381,46,68,49:21.0,754.59296,800Mb
2382,45,67,49:18.5,744.563,800Mb
2383,43,65,49:14.9,817.3609,800Mb
2384,14,36,48:43.7,818.57414,800Mb
2385,13,35,48:42.6,818.57414,800Mb
2386,12,34,48:41.6,819.6695,800Mb
2387,140,160,46:42.7,819.3748,800Mb
2388,139,159,46:41.6,818.57414,800Mb
2389,138,158,46:40.5,818.57414,800Mb
2390,137,157,46:39.4,824.1542,800Mb
2391,136,156,46:38.4,814.45786,800Mb
2392,135,155,46:37.3,814.45786,800Mb
2393,134,154,46:36.2,873.07597,800Mb
2394,133,153,46:35.2,873.07597,800Mb
2395,132,152,46:34.1,750.42016,800Mb
2396,131,151,46:33.0,750.42016,800Mb
2397,130,150,46:31.7,743.075,800Mb
2398,129,149,46:30.4,731.6458,800Mb
2399,128,148,46:28.9,731.6458,800Mb
2400,127,147,46:27.6,742.6077,800Mb
2401,126,146,46:26.2,748.8659,800Mb
2402,125,145,46:24.8,748.8659,800Mb
2403,124,144,46:23.3,655.1351,800Mb
2404,123,143,46:21.0,743.9363,800Mb
2405,122,142,46:19.6,817.2528,800Mb
2406,121,141,46:18.4,817.2528,800Mb
2407,120,140,46:17.4,818.6773,800Mb
2408,119,139,46:16.3,819.8692,800Mb
2409,118,138,46:15.2,819.8692,800Mb
2410,117,137,46:14.1,818.45626,800Mb
2411,116,136,46:13.1,818.45626,800Mb
2412,141,161,46:43.8,819.3748,800Mb
2413,142,162,46:44.8,818.4215,800Mb
2414,143,163,46:45.9,818.4215,800Mb
2415,144,164,46:47.0,819.38464,800Mb
2416,11,33,48:40.5,819.6695,800Mb
2417,10,32,48:39.4,817.6654,800Mb
2418,9,31,48:38.3,819.2618,800Mb
2419,8,30,48:37.3,819.2618,800Mb
2420,7,29,48:36.2,819.5762,800Mb
2421,6,28,48:35.1,819.5762,800Mb
2422,5,27,48:34.0,818.55277,800Mb
2423,4,26,48:33.0,818.55277,800Mb
2424,3,25,48:31.9,818.73626,800Mb
2425,2,24,48:30.8,818.73626,800Mb
2426,1,23,48:29.7,819.5467,800Mb
2427,0,22,48:28.7,819.5467,800Mb
2428,71,93,49:49.5,817.72435,800Mb
2429,158,178,47:02.1,819.60563,800Mb
2430,156,176,46:59.9,817.92576,800Mb
2431,155,175,46:58.8,817.92576,800Mb
2432,154,174,46:57.7,819.57126,800Mb
2433,153,173,46:56.7,819.57126,800Mb
2434,152,172,46:55.6,819.85126,800Mb
2435,151,171,46:54.5,819.85126,800Mb
2436,150,170,46:53.4,819.3895,800Mb
2437,149,169,46:52.4,819.9345,800Mb
2438,148,168,46:51.3,819.9345,800Mb
2439,147,167,46:50.2,817.90464,800Mb
2440,146,166,46:49.1,817.90464,800Mb
2441,145,165,46:48.1,819.38464,800Mb
2442,157,177,47:01.0,819.60563,800Mb
2443,146,166,56:01.5,819.52045,800Mb
